-- MySQL dump 10.13  Distrib 8.0.11, for Win64 (x86_64)
--
-- Host: localhost    Database: dw_project2
-- ------------------------------------------------------
-- Server version	8.0.11

/*!40101 SET @OLD_CHARACTER_SET_CLIENT=@@CHARACTER_SET_CLIENT */;
/*!40101 SET @OLD_CHARACTER_SET_RESULTS=@@CHARACTER_SET_RESULTS */;
/*!40101 SET @OLD_COLLATION_CONNECTION=@@COLLATION_CONNECTION */;
 SET NAMES utf8 ;
/*!40103 SET @OLD_TIME_ZONE=@@TIME_ZONE */;
/*!40103 SET TIME_ZONE='+00:00' */;
/*!40014 SET @OLD_UNIQUE_CHECKS=@@UNIQUE_CHECKS, UNIQUE_CHECKS=0 */;
/*!40014 SET @OLD_FOREIGN_KEY_CHECKS=@@FOREIGN_KEY_CHECKS, FOREIGN_KEY_CHECKS=0 */;
/*!40101 SET @OLD_SQL_MODE=@@SQL_MODE, SQL_MODE='NO_AUTO_VALUE_ON_ZERO' */;
/*!40111 SET @OLD_SQL_NOTES=@@SQL_NOTES, SQL_NOTES=0 */;

--
-- Table structure for table `dim_addresses`
--

DROP TABLE IF EXISTS `dim_addresses`;
/*!40101 SET @saved_cs_client     = @@character_set_client */;
 SET character_set_client = utf8mb4 ;
CREATE TABLE `dim_addresses` (
  `id` int(11) NOT NULL AUTO_INCREMENT,
  `postal_code` bigint(20) DEFAULT NULL,
  `street` text,
  `region` text,
  PRIMARY KEY (`id`)
) ENGINE=InnoDB AUTO_INCREMENT=165 DEFAULT CHARSET=utf8mb4 COLLATE=utf8mb4_0900_ai_ci;
/*!40101 SET character_set_client = @saved_cs_client */;

--
-- Dumping data for table `dim_addresses`
--

LOCK TABLES `dim_addresses` WRITE;
/*!40000 ALTER TABLE `dim_addresses` DISABLE KEYS */;
INSERT INTO `dim_addresses` VALUES (1,10100,'Avenue Annakhil','Rabat-Sale-Kenitra'),(2,47402,'M\'Hamid El Ghizlane','Souss-Massa-Draa'),(3,11000,'5 Bis Rue Boukaa','Rabat-Sale-Kenitra'),(4,52202,'BP 120 ksar Merzouga Taouz Errachdidia Ksar Rass ramel Erg chebbi Merzouga commun taouz',''),(5,45150,'17 km de Boumalne Dades, Les Gorges du Dades, Douar Lmzoudar','Souss-Massa-Draa'),(6,26202,'Labssasla cr lambarkiy, Centre EL Gara.','Casablanca-Settat'),(7,90000,'Tanger City Center Place du Maghreb','Tanger-Tetouan'),(8,13100,'Route côtière Km 44','Casablanca-Settat'),(9,45122,'Vilage asfalou ait ben haddou maroc','Souss-Massa-Draa'),(10,93153,'Cabo negro ,M\'diq, Maroc','Tanger-Tetouan'),(11,4000,'medina raiid zitoune lkdim N102','Marrakech-Safi'),(12,39000,'Aziman 4','Tanger-Tetouan'),(13,45252,'Centre Telouet, Rue P1506, Province ouarzazate','Souss-Massa-Draa'),(14,60000,'95 rue el mazouzi','Oriental'),(15,20370,'Bd d\'Anfa, 4 rue du Soldat Maurice Benhammou, Gauthier','Casablanca-Settat'),(16,50000,'67 Rue Driba','Fes-Meknes'),(17,83052,'Amsouzart taroudant','Souss-Massa-Draa'),(18,44000,'N°4, Rue Oum Rabii','Marrakech-Safi'),(19,83300,'centre ouled berhil','Souss-Massa-Draa'),(20,54375,'R503 centre ville zaida',''),(21,24100,'27 Derb Chtouka, Medina','Casablanca-Settat'),(22,42202,'Route d\'Amizmiz km 47, Lalla Takerkoust, 42202, Marrakech, Maroc','Marrakech-Safi'),(23,93000,'Residence Costa Cabo Route N16 de Capo Negro','Tanger-Tetouan'),(24,85004,'frécrique aglou tiznit plage frécrique','Souss-Massa-Draa'),(25,85200,'Place Chouhada N° 07','Souss-Massa-Draa'),(26,10030,'7 Rue Lalla Oum Kenabech, Derb Cherkaoui, Medina','Rabat-Sale-Kenitra'),(27,22300,'Ifasfass iminifri Tifni','Beni Mellal-Khenifra'),(28,40030,'11 Derb Smara Kandil Sidi Abdelaziz, Medina','Marrakech-Safi'),(29,80750,'quartier Irak 6','Souss-Massa-Draa'),(30,27000,'Perle de Nouaceur 1','Casablanca-Settat'),(31,26175,'Sidi Rahal Chatia','Casablanca-Settat'),(32,46000,'26 rue de la Voûte (26 Derb El Kaouss)','Marrakech-Safi'),(33,12000,'4431 Lotissement wifaq Avenue Mohamed VI','Rabat-Sale-Kenitra'),(34,24010,'26 Rue Du Doctor Blanc','Casablanca-Settat'),(35,42100,'Douar Regraga','Marrakech-Safi'),(36,93200,'Avenue Abdkrim Khatabi','Tanger-Tetouan'),(37,80010,'Sonaba Founty','Souss-Massa-Draa'),(38,70000,'Al Amal 3. Rue Asliyine. N° 1','Laayoune-Sakia El Hamra'),(39,40040,'128, Riad Zitoune Lakdim Medina','Marrakech-Safi'),(40,10090,'4 Avenue de France FIRST HOTEL','Rabat-Sale-Kenitra'),(41,13000,'Bella Vista Bloc G Imm 2 Appt 13 Cherrat','Casablanca-Settat'),(42,47050,'Douar Aslim','Souss-Massa-Draa'),(43,41000,'Quartier Riad Zitoune Derb El Bir Lakdim N°6, Medina','Marrakech-Safi'),(44,40500,'Ait benhaddou Ouarzazate','Souss-Massa-Draa'),(45,52000,'zone touristique route de guelmima',''),(46,11001,'14 Rue Saniat Sabounji','Rabat-Sale-Kenitra'),(47,20450,'Angle Rue ibn Toumart et Abdelaziz Boutaleb','Casablanca-Settat'),(48,84150,'Dune De Chegaga Foum Zguid Tata','Souss-Massa-Draa'),(49,45001,'Hay Tamassinte','Souss-Massa-Draa'),(50,93100,'Avenue Fnideq 3, 18','Tanger-Tetouan'),(51,53105,'route de bensmim, Ifrane','Fes-Meknes'),(52,52002,'118 Asrir oued Ferkla',''),(53,52224,'ET-TAOUS 52200',''),(54,45900,'Zagora','Souss-Massa-Draa'),(55,20250,'290 Boulevard Mohamed Zerktouni','Casablanca-Settat'),(56,37000,'3,5 Rue Zebdi','Rabat-Sale-Kenitra'),(57,40000,'4 derb Azzouz Mouassine','Marrakech-Safi'),(58,45000,'Route de Marrakech','Souss-Massa-Draa'),(59,26200,'Douar El Bouzanniene  Nouacer BP 27 Deroua','Casablanca-Settat'),(60,52020,'Ksar merzouga',''),(61,47076,'Ksar Oulad Driss Mhamid','Souss-Massa-Draa'),(62,40000,'104 Diour Jdad Zaouia Abbassia,Porte Bab Yacout','Marrakech-Safi'),(63,63600,'Boulevard Hassan II Angle rue Dakhla','Oriental'),(64,28800,'Boulevard Moulay Ismail Résidence Miramar  immeuble G appartement 16','Casablanca-Settat'),(65,24252,'Ancienne Kasbah','Casablanca-Settat'),(66,52200,'ksar merzouga',''),(67,45352,'Ait kassi souk El-khèmis Boumalne dades','Souss-Massa-Draa'),(68,80002,'P1001 N318, Lot Amdel Imsouane','Souss-Massa-Draa'),(69,93006,'Boulevard Al Oukhouane','Tanger-Tetouan'),(70,80502,'Dr Timassinine tamri 92','Souss-Massa-Draa'),(71,44005,'Commune rurale ida ougourd','Marrakech-Safi'),(72,50004,'21 rue El Kanout zitouna','Fes-Meknes'),(73,44620,'30-36 Sidi Mohammed Ben Abdellah','Marrakech-Safi'),(74,47900,'Avenue Med V Hay Tansita khchaa - Zagora','Souss-Massa-Draa'),(75,20320,'10, Rue Lieutnant Berger, Mers Sultan','Casablanca-Settat'),(76,60300,'Route Madagh Douar Zraïb','Oriental'),(77,31100,'60 Kaf Rhouni','Fes-Meknes'),(78,23000,'55 Boulevard Mohamed V 55 Boulevard Mohamed V','Beni Mellal-Khenifra'),(79,30200,'1/3 Derb Ben Doud Zerbtana, Batha, Medina','Fes-Meknes'),(80,30110,'24 Derb El Miter Ain Azliten','Fes-Meknes'),(81,24250,'120 centre touristique','Casablanca-Settat'),(82,85450,'R 105 Route Ammeln','Souss-Massa-Draa'),(83,14030,'Parc d\'activité commerciale marjane Kenitra','Rabat-Sale-Kenitra'),(84,85350,'Rue de Casablanca','Souss-Massa-Draa'),(85,47050,'Douar Agdz','Souss-Massa-Draa'),(86,10080,'56 Rue Jabal Oukaimeden','Rabat-Sale-Kenitra'),(87,20390,'1 Rue Prosper Mérimée, Val Fleuri','Casablanca-Settat'),(88,84053,'province TATA Tissint','Souss-Massa-Draa'),(89,45100,'Ait Ben Haddou','Souss-Massa-Draa'),(90,11150,'21 Rue Moul Goumri','Rabat-Sale-Kenitra'),(91,30050,'3 Avenue DES FORCES ARMEES ROYALES','Fes-Meknes'),(92,83000,'Rue Al Kassbah','Souss-Massa-Draa'),(93,45502,'Tiriguioute Skoura Ouarzazate','Souss-Massa-Draa'),(94,40008,'56, Derb Chorfa Lakbir  Mouassine','Marrakech-Safi'),(95,80450,'Douar Ifentar Massa','Souss-Massa-Draa'),(96,80350,'Piste en Bordure de l\'Oued Souss','Souss-Massa-Draa'),(97,81000,'Oasis Tarmguist','Guelmim-Oued Noun'),(98,42113,'Commune d\'Agafay, Route D\'amzmiz  Sidi Badhaj Marrakech 42113 Commune d\'Agafay, Route D\'amzmiz  Sidi Badhaj Marrakech 42113','Marrakech-Safi'),(99,11050,'22, Résidence Jawharat Al Bahr Imb22 Lot2 Apt10','Rabat-Sale-Kenitra'),(100,30008,'17, Derb Mitter Zjenfor','Fes-Meknes'),(101,10000,'23 Rue Chellah, Place Melilia, Hassan','Rabat-Sale-Kenitra'),(102,45800,'2 km avant les gorges de toudgha','Souss-Massa-Draa'),(103,42250,'Douar Ouamdi','Marrakech-Safi'),(104,32000,'4 Menia Saghira Alaa Kabira','Fes-Meknes'),(105,63603,'Résidence AP 8 Saidia ﻿IM 2 APP 27 1er étage','Oriental'),(106,20100,'Angle boulevard Massira & Rue Normandie','Casablanca-Settat'),(107,28810,'La Corniche Résidence miramar','Casablanca-Settat'),(108,20190,'Lotissement Mandarouna 300, Sidi Maarouf','Casablanca-Settat'),(109,42452,'Douar Boutbira, CR Ourika- MARRAKECH','Marrakech-Safi'),(110,54350,'Rue Ettoumour Almou N 9',''),(111,440000,'349.Rue Alot Erraounak','Marrakech-Safi'),(112,44100,'25, Rue Mourabitine','Marrakech-Safi'),(113,62000,'Bd Grand Rif, Lot Saada 62010 Nador Jadid','Oriental'),(114,52403,'Imilchil centre',''),(115,90050,'rue M\'jimaa N° 23','Tanger-Tetouan'),(116,87402,'Village Idaougnidif (Tioulit) entre Ait Baha et Tafraout','Souss-Massa-Draa'),(117,20410,'6, rue d\'Aix Oasis','Casablanca-Settat'),(118,42000,'Targa Imoula Douar targa imoula Imlil','Marrakech-Safi'),(119,73000,'100 Bld Mohamed V','Dakhla-Oued Ed-Dahab'),(120,50030,'20 Db Lalla Sti Hennou (Ville Ancienne)','Fes-Meknes'),(121,45200,'Tizi Ait ihya','Souss-Massa-Draa'),(122,20060,'Rue Badr Assayab, Quartier Gauthier, 3','Casablanca-Settat'),(123,90030,'Rue Sidi Jalil 17','Tanger-Tetouan'),(124,80022,'Ait Bihi','Souss-Massa-Draa'),(125,53000,'route Ain Ifrane barrage ben Smim Ifrane','Fes-Meknes'),(126,20070,'Rue abou El Mouataz El falaki, Marrif Casablanca','Casablanca-Settat'),(127,31110,'Rue Talaa Sghira 6, Tariana Sghira','Fes-Meknes'),(128,42173,'Douar Marigha, KM58 route d\'Amizmiz par Asni','Marrakech-Safi'),(129,91000,'Rue Benjelloun Rue Bendiban, 35.167480, -5.263338','Tanger-Tetouan'),(130,93010,'maouan n° 21 Souika','Tanger-Tetouan'),(131,82003,'Avd. Sid El Garne Nº 66, El Ouatía','Guelmim-Oued Noun'),(132,28820,'Résidence Kamal Park Center, angle boulevard zerktouni et boulevard de fès Immeuble F, 5ème étage, n 20','Casablanca-Settat'),(133,14000,'Villa 426, El Amria Mehdia Plage','Rabat-Sale-Kenitra'),(134,93150,'Avenue La Marche Verte N° 76 Rez-Chaussé N°1 Martil','Tanger-Tetouan'),(135,30100,'17, Derb el Gabbasse fes - batha- Morocco','Fes-Meknes'),(136,90000,'SEBQNINE RAS EL MA','Tanger-Tetouan'),(137,85352,'Mirleft Centre','Souss-Massa-Draa'),(138,20880,'R322','Casablanca-Settat'),(139,30000,'N 74 Rass Jnan Bab Jdid','Fes-Meknes'),(140,47402,'M\'hamid Erg lihoudi 47402 Mhamid El Ghizlane, Marokko','Souss-Massa-Draa'),(141,80000,'Village tamraght Road, N1','Souss-Massa-Draa'),(142,52450,'Route National 13',''),(143,50003,'Tiberbarine','Fes-Meknes'),(144,24000,'Angle Av.Ibn Khaldoun & Rue jules Verne','Casablanca-Settat'),(145,40200,'Arset Ben Brahim Derb Dardouba N°26','Marrakech-Safi'),(146,40034,'9 Derb el Hajra, El Baroudiyine District (Mosque Ben Youssef)','Marrakech-Safi'),(147,23150,'P3208 2','Beni Mellal-Khenifra'),(148,40160,'Village Omina El Hiba Commune Saada','Marrakech-Safi'),(149,44125,'P2201','Marrakech-Safi'),(150,90064,'35.532263, -6.006148 Akwass playa','Tanger-Tetouan'),(151,35000,'10 Derb Borj Dhab, R´cif.','Fes-Meknes'),(152,40065,'Km 10,5 Route de l\'Ourika Commune de Tassoultante','Marrakech-Safi'),(153,90060,'Rue la Sena','Tanger-Tetouan'),(154,40007,'99 Derb Sidi moussa Quartier La Bahia','Marrakech-Safi'),(155,20000,'Angle Rue Kamal Mohamed-Avenue des F.A.R','Casablanca-Settat'),(156,42152,'Douar Imlil Asni BP42152 Marrakech','Marrakech-Safi'),(157,85000,'Unnamed Road Ait omgass, Ammeln Valley','Souss-Massa-Draa'),(158,53100,'Route du Cedre Gouraud','Fes-Meknes'),(159,82000,'Avenue Al-Wahda tantan plage Al outia . 82000 Mo','Guelmim-Oued Noun'),(160,31250,'douar ait oued fel ait sebaa lajrouf','Fes-Meknes'),(161,42150,'Douar Ijoukak Commune rural Ijoukak','Marrakech-Safi'),(162,80023,'Rue Tamraght','Souss-Massa-Draa'),(163,45500,'Douar Oulad Yacoub Skoura Skoura','Souss-Massa-Draa'),(164,87452,'Sidi Wassay Massa','Souss-Massa-Draa');
/*!40000 ALTER TABLE `dim_addresses` ENABLE KEYS */;
UNLOCK TABLES;

--
-- Table structure for table `dim_number_of_persons`
--

DROP TABLE IF EXISTS `dim_number_of_persons`;
/*!40101 SET @saved_cs_client     = @@character_set_client */;
 SET character_set_client = utf8mb4 ;
CREATE TABLE `dim_number_of_persons` (
  `id` int(11) NOT NULL AUTO_INCREMENT,
  `number` int(11) DEFAULT NULL,
  PRIMARY KEY (`id`)
) ENGINE=InnoDB AUTO_INCREMENT=24 DEFAULT CHARSET=utf8mb4 COLLATE=utf8mb4_0900_ai_ci;
/*!40101 SET character_set_client = @saved_cs_client */;

--
-- Dumping data for table `dim_number_of_persons`
--

LOCK TABLES `dim_number_of_persons` WRITE;
/*!40000 ALTER TABLE `dim_number_of_persons` DISABLE KEYS */;
INSERT INTO `dim_number_of_persons` VALUES (1,1),(2,2),(3,3),(4,4),(5,5),(6,6),(7,7),(8,8),(9,9),(10,10),(11,12),(12,13),(13,14),(14,15),(15,16),(16,17),(17,18),(18,20),(19,21),(20,22),(21,25),(22,35),(23,40);
/*!40000 ALTER TABLE `dim_number_of_persons` ENABLE KEYS */;
UNLOCK TABLES;

--
-- Table structure for table `dim_place_type`
--

DROP TABLE IF EXISTS `dim_place_type`;
/*!40101 SET @saved_cs_client     = @@character_set_client */;
 SET character_set_client = utf8mb4 ;
CREATE TABLE `dim_place_type` (
  `id` int(11) NOT NULL AUTO_INCREMENT,
  `place_type` text,
  PRIMARY KEY (`id`)
) ENGINE=InnoDB AUTO_INCREMENT=22 DEFAULT CHARSET=utf8mb4 COLLATE=utf8mb4_0900_ai_ci;
/*!40101 SET character_set_client = @saved_cs_client */;

--
-- Dumping data for table `dim_place_type`
--

LOCK TABLES `dim_place_type` WRITE;
/*!40000 ALTER TABLE `dim_place_type` DISABLE KEYS */;
INSERT INTO `dim_place_type` VALUES (1,'Inn'),(2,'Farm Stay'),(3,'Resort'),(4,'Riad'),(5,'Villas'),(6,'Villa'),(7,'Apartments'),(8,'Bed and Breakfast'),(9,'Country House'),(10,'Homestay'),(11,'Motel'),(12,'Campground'),(13,'Luxury tent'),(14,'Apartment'),(15,'Hostel'),(16,'Vacation Home'),(17,'Hotel'),(18,'Condo Hotel'),(19,'Guesthouse'),(20,'Capsule Hotel'),(21,'Lodge');
/*!40000 ALTER TABLE `dim_place_type` ENABLE KEYS */;
UNLOCK TABLES;

--
-- Table structure for table `dim_room_type`
--

DROP TABLE IF EXISTS `dim_room_type`;
/*!40101 SET @saved_cs_client     = @@character_set_client */;
 SET character_set_client = utf8mb4 ;
CREATE TABLE `dim_room_type` (
  `id` int(11) NOT NULL AUTO_INCREMENT,
  `room_type` text,
  PRIMARY KEY (`id`)
) ENGINE=InnoDB AUTO_INCREMENT=1678 DEFAULT CHARSET=utf8mb4 COLLATE=utf8mb4_0900_ai_ci;
/*!40101 SET character_set_client = @saved_cs_client */;

--
-- Dumping data for table `dim_room_type`
--

LOCK TABLES `dim_room_type` WRITE;
/*!40000 ALTER TABLE `dim_room_type` DISABLE KEYS */;
INSERT INTO `dim_room_type` VALUES (1,'Orange Triple Room'),(2,'Twin/Double Room - Simply Red'),(3,'Bab Essabani'),(4,'Arbaa Superior Double Room'),(5,'Aziza Double Room'),(6,'Olivia Double Room'),(7,'Double Room Yasmina'),(8,'Chapter 6 Suite'),(9,'Jawhara Double room'),(10,'Budget Triple Room'),(11,'Sultana Suite'),(12,'Large Harim-Suite with Private Terrace'),(13,'Mgouna Tribe Single Tent'),(14,'Suite Essaouira'),(15,'Duplex Suite'),(16,'Mauve Double Room'),(17,'Superior Queen Room with Two Queen Beds'),(18,'Budget Single Room with Shared Bathroom'),(19,'Family Suite (2 Adults + 2 Children)'),(20,'Deluxe Room Geddes'),(21,'Carmen Double Room'),(22,'Magenta LittleSon Double Room'),(23,'Mnara Double Room'),(24,'Superior Suite'),(25,'Bleuet Double Room'),(26,'Budget Double Room'),(27,'Blond room'),(28,'Saadiene Twin Room'),(29,'Suite Attarine'),(30,'Comfort Apartment'),(31,'Large Double Room with terrace view'),(32,'Two-Bedroom Apartment - Without Pool access'),(33,'Single Safari Room'),(34,'Executive Suite with Ocean View'),(35,'Suite Manzeh Jouj'),(36,'Deluxe Double or Twin Room with Pool View'),(37,'Almoravide Suite'),(38,'Appartement Joudia (5 adults)'),(39,'Suite (2 Adults)'),(40,'Sawssane Family Studio'),(41,'Double Room - Oasis'),(42,'Al Akhdar Suite'),(43,'Nejma Double Room'),(44,'Sultane Double Room'),(45,'Deluxe Room - Jasmin'),(46,'Andalous Suite'),(47,'Deluxe Double Room - Purple Haze'),(48,'Chambre Double berbere'),(49,'Jardin Suite'),(50,'Deluxe Villa with Private Pool'),(51,'Aicha Suite'),(52,'Superior Villa with Private Pool'),(53,'Sable Suite'),(54,'Maiya Suite'),(55,'Soussia Junior Suite'),(56,'Chamade Double Room'),(57,'Prune Double Room'),(58,'Guitha Double Room'),(59,'Dar Sultan Suite'),(60,'Merlin Deluxe Suite'),(61,'Bleue Double Room'),(62,'Tmania Double Room'),(63,'Salma Suite'),(64,'Double Room Lilla'),(65,'Deluxe Suite Zineb'),(66,'Double Room Lalla Hasna'),(67,'Family Suite with Balcony'),(68,'Rkia Suite'),(69,'Moulayka Superior Double Room'),(70,'Junior Double Room'),(71,'Premium Room - Pool View - Balcony'),(72,'Gris Double or Twin Room'),(73,'Seta Suite'),(74,'Bazar Double Room'),(75,'Small Suite'),(76,'Apartment with Balcony'),(77,'Family King Room'),(78,'Bougainvillier Triple Room'),(79,'Rabat Double Room'),(80,'Double or Twin Room - Annex'),(81,'Sabrina Suite'),(82,'Superior Double Room - The White Album'),(83,'Dades Double Room'),(84,'Room 3'),(85,'Zellij Room'),(86,'Shalimar Double Room'),(87,'Medina Standard Double Room'),(88,'Standard Room with Garden View'),(89,'Deluxe Double Suite'),(90,'Wood Cabin With Mountain View'),(91,'Suite with Balcony'),(92,'Superior Room Skyline'),(93,'Small Double Room Berbere'),(94,'Triple Room with Private External Bathroom'),(95,'Classic Quadruple Room'),(96,'Family Room (3 Adults + 1 Child)'),(97,'Theme Suite with Pool View'),(98,'Family Room (5 Adults)'),(99,'Triple Nomadic Tent'),(100,'Standard Room'),(101,'Orchidee Superior Double or Twin Room Romi Side'),(102,'Cherifa Suite Junior'),(103,'Family Room with Bath'),(104,'Magenta Suite'),(105,'Basic Triple Room Gasmin'),(106,'Alliha Double Classique'),(107,'Deluxe Double Room - Forest Side'),(108,'Deluxe Double Studio'),(109,'Chocolate Double Room'),(110,'Suite with Bathtub (ZAIRA)'),(111,'Kasbah Room'),(112,'Superior Double or Twin Room with Pool View'),(113,'Deluxe Twin Room with Sea View'),(114,'Ibnou Khaldoune - Suite'),(115,'Double (3 Adults)'),(116,'Dar Rachida Suite'),(117,'Penelope Double Room with Balcony'),(118,'Three-Bedroom Villa with Private Pool'),(119,'Appartement Latifa (6 adults)'),(120,'Jmiaa'),(121,'Standard Double Room'),(122,'Alhambra Standard Double Room'),(123,'Single Bed in Dormitory Room'),(124,'Chambre Double safran 1'),(125,'Studio Apartment with Sea View'),(126,'Deluxe Superior Apartment'),(127,'Suite Moucharabieh'),(128,'Double Room (1 Adult + 2 Children)'),(129,'Double Room with Shared Toilet'),(130,'Double Room with Mountain View with Shared Bathroom'),(131,'Origan Standard Double Room Romi Side'),(132,'Luxury Twin Room'),(133,'Premium Quadruple Room'),(134,'Duplex Room (2 Adults)'),(135,'Bungalow with Sea View'),(136,'Luxury Single Room'),(137,'Suite with Pool View'),(138,'Chaouen Room'),(139,'Baraka Superior Double Room'),(140,'Chalet Premium'),(141,'N°5 Superior Room Amlou'),(142,'Musc Double Room'),(143,'Chaouen Double Room'),(144,'Ivoire Double Room'),(145,'Family Double Room'),(146,'Suite (3 Adults + 1 Child)'),(147,'Duplex Room (1 Adult + 1 Child)'),(148,'Bed in 6-Bed Mixed Dormitory Room'),(149,'Standard Room Elizabeth Rose'),(150,'Tent Lovina'),(151,'Saphir Suite'),(152,'Elegance Room with Patio View'),(153,'Bleue Twin or Double Room'),(154,'Apartment - Split Level'),(155,'Superior Twin Room  Marina view'),(156,'Cherafa Triple Room'),(157,'Superior Queen Room'),(158,'Executive Junior Suite with fire place and Loggia'),(159,'Tent Double Deluxe'),(160,'Jonquille Twin Room'),(161,'Standard Double Suite'),(162,'Lalla Khadija Double Room'),(163,'Studio - Disability Access'),(164,'Bahia Family Suite (3 Adults + 2 Children)'),(165,'Double Room Douaya'),(166,'Jade Suite'),(167,'Deluxe Suite with Sauna and Terrace'),(168,'Villa Blanche'),(169,'Superior Room with King-size Bed'),(170,'Suite Bouchtaoui'),(171,'Chambre Deluxe Riad Lydines'),(172,'Suite Atlas'),(173,'Almohade Double Room'),(174,'Executive Double Suite'),(175,'Sahara Double Room'),(176,'Apartment with Lake View'),(177,'Le Harem'),(178,'Superior Double Room with Two Double Beds'),(179,'Classic Double Room'),(180,'Suite with Hot Tub'),(181,'Superior Suite - Zher'),(182,'Double Room with Private Bathroom'),(183,'Pool Side Suite'),(184,'Standard Double Room with patio view'),(185,'Premium Double Room'),(186,'Safran LittleSon Double Room'),(187,'Deluxe Double or Twin Room with Mountain View'),(188,'Deluxe Double Room with Sea View and Spa Package'),(189,'Ottomane Double Room'),(190,'Riad en Exclusivité'),(191,'King Guest Room'),(192,'Barak Double Room'),(193,'Two-bedroom Suite - Privilège'),(194,'Budget Twin Room'),(195,'Deluxe Twin Room with Ocean View'),(196,'Double Room Ait Souka'),(197,'Double Room 3'),(198,'Twin Room Anis'),(199,'Suite - Oud'),(200,'Berber Lady Suite'),(201,'Gray Twin Room'),(202,'Double Room with New Year\'s Package-Dinner Included'),(203,'Tibet Double Room'),(204,'Suite Anbri'),(205,'Single Room'),(206,'Single Room (Sindibad)'),(207,'Hibiscus Double Room'),(208,'Mayza Double Room'),(209,'Comfort Triple Room ( MADIH)'),(210,'Alia Suite'),(211,'Suite 8'),(212,'Arabian Suite'),(213,'Room 4'),(214,'Duplex Double Room'),(215,'Premium Room'),(216,'Double Room - Atlas'),(217,'Chypre Rouge Suite'),(218,'Ocean View Twin Room, Sofabed'),(219,'White Double Room'),(220,'Berbere Tent - Standard Twin Room with Private Bathroom'),(221,'Arbaa Double Room'),(222,'Family Room with Shower'),(223,'Suite Berbère'),(224,'Deluxe Double or Twin Room with Shared Bathroom'),(225,'Superior Room - Balcony'),(226,'Princess Double Room'),(227,'Hiba Double Room'),(228,'Bab Souk'),(229,'Clava Double Room'),(230,'Amarillo Double Room'),(231,'Large Harim-Suite with Private Pool'),(232,'Brtal Twin Room'),(233,'Double or Twin Room Lavender'),(234,'Atlas Double Room'),(235,'Superior Suite (2 Adults)'),(236,'Amethyste Suite'),(237,'Deluxe Double Room with Bath'),(238,'Nahema Double Room'),(239,'Suite Junior'),(240,'Comfort Double or Twin Room'),(241,'Apartment with Garden View'),(242,'Panoramic Quadruple Suite with Terrace'),(243,'Double Room Taous'),(244,'Bed in 8-Bed Dormitory Room'),(245,'Suite Business'),(246,'Jasmin Double Room'),(247,'Deluxe Two-Bedroom Apartment Jamaa El Fna View'),(248,'Double room Garden view'),(249,'Misria Apartment'),(250,'Basic Double Room Menthe'),(251,'Deluxe Twin Room with Pool View'),(252,'Three-Bedroom Villa with Golf View & Private Pool'),(253,'Patchouli Suite'),(254,'One-Bedroom Suite'),(255,'Deluxe Double Room with river and mountain view'),(256,'Aubergine Double Room'),(257,'Mabrouka'),(258,'Juj Double Room'),(259,'Deluxe Double Room with Two Double Beds'),(260,'Panoramic Cabana'),(261,'Shamss Double Room'),(262,'Samira Suite'),(263,'Two-Bedroom Family Room'),(264,'Vanilla Double Room'),(265,'Club Suite'),(266,'Al Azrak Suite'),(267,'Hassan Large Suite'),(268,'Bassatine'),(269,'Marrakech Room'),(270,'Standard Family Suite'),(271,'Double Nomadic Tent'),(272,'Grand Patio Suite'),(273,'Chambre double deluxe avec vue sur piscine'),(274,'Triple Room with Shared Bathroom'),(275,'Single Room with Private External Bathroom'),(276,'Albartal Single Room'),(277,'La Rose Des Sable Double Room'),(278,'Rajaee Double Room'),(279,'Tlata Double Room'),(280,'Marrakchia Suite'),(281,'Dawiya Superior Double Room'),(282,'Petit Prince Suite'),(283,'Sma Suite'),(284,'Sky Premium Single Room'),(285,'King Suite with Pool View'),(286,'Double Room with Shower'),(287,'Suite Room Terrace LittleSon-B'),(288,'Bibi Two-Bedroom Apartment'),(289,'Grand Vizir Suite'),(290,'Suite Saffarine'),(291,'Safa Junior suite'),(292,'Standard Double or Twin Room with Balcony'),(293,'Double Room with Extra Bed Lune de Miel 6'),(294,'Penthouse Room'),(295,'Imperial Suite'),(296,'Arba Senior Suite'),(297,'Deluxe King Suite Turquoise'),(298,'Tisli - Superior Triple Room with Private Bathroom'),(299,'Consuls Triple Room'),(300,'Twin Room ( Sonia )'),(301,'Biham Double Room'),(302,'Nomade Double Room'),(303,'Lala Amina Suite'),(304,'Suite Lalla Soukaïna'),(305,'Nature Superior Triple Room'),(306,'Queen Suite (2 Adults)'),(307,'Tent Berbere'),(308,'Adam Twin Room'),(309,'Norma Royal Suite'),(310,'Double Room'),(311,'Rose Double or Twin Room'),(312,'Deluxe Twin Room with Terrace'),(313,'One-Bedroom Bungalow'),(314,'Ketama - Standard Triple Room with Private Bathroom'),(315,'Marguerite Suite'),(316,'Salma Double Room with Sea View'),(317,'Duplex Quadruple Room'),(318,'Deluxe Studio'),(319,'Family Room (2 Adults + 2 Children)'),(320,'Double Room 8'),(321,'Sarah Double Room'),(322,'Comfort'),(323,'Double Room Nagoya'),(324,'Twin Guest Room'),(325,'Sara Double Room'),(326,'Idrisside room'),(327,'Standard Family Room'),(328,'Chambre Noa'),(329,'One-Bedroom Chalet'),(330,'Executive King Room'),(331,'4-Bed Mixed Dormitory Room'),(332,'Superior Double'),(333,'Studio (4 Adults)'),(334,'Zoraida Suite'),(335,'Superior Arabian Double or Twin Room'),(336,'Jawhara'),(337,'Chapter 3 Suite'),(338,'Cervantes Room'),(339,'Chocolat Suite'),(340,'Double Room Cozy'),(341,'Cairo Twin Room'),(342,'Tent (1 Adult)'),(343,'Double Room Toubkal'),(344,'Nabil ghani Double Room'),(345,'Exception Suite (4Adults+ 2Children)'),(346,'Kaid Double Room'),(347,'Double Room - Jouj'),(348,'Budget Double Room - Special Backpacker'),(349,'Ocarina Standard Double Room Romi Side'),(350,'Studio (1 Adult)'),(351,'Triple Room with View'),(352,'Double Room with Christmas Package'),(353,'Luxury Tent ( 2 Adults )'),(354,'Economy Triple Room'),(355,'Oasis Double Room'),(356,'One-Bedroom Bungalow Suite with Terrace'),(357,'Deluxe Double Room with Shared Bathroom'),(358,'Quarfa Double Room'),(359,'Superior Twin Room - Zaida'),(360,'Family Room with Balcony'),(361,'Twin Room with Terrace'),(362,'Quadruple Room with Shower'),(363,'Kensington Suite'),(364,'Oukaimden Double Room'),(365,'Mint Double or Twin Room'),(366,'Gabrielle Suite'),(367,'Premium Queen Room City View'),(368,'Prestige Suite Tahra'),(369,'Chambre Twin safran 2'),(370,'Pool side Family Suite'),(371,'Suite with River View'),(372,'Double Room El Jadida'),(373,'Double Room Soleil Couchant 3'),(374,'Rabaa Double Room'),(375,'Menthe Double Room'),(376,'King Guest Room with Mobility Access'),(377,'Brune room'),(378,'Marrakech Standard Room'),(379,'Double Room - Murmure de l\'Omber'),(380,'Chambre Studio Riad Blanc'),(381,'One-Bedroom Apartment'),(382,'Halaoua Suite'),(383,'Deluxe Double Room with Balcony and Sea View'),(384,'Tmania Superior Double Room'),(385,'Rose Quadruple Room'),(386,'Double or Twin Room with Mountain View'),(387,'R\'Batia Junior Suite'),(388,'Single Room with Pool View'),(389,'Suite Room Terrace LittleSon-A'),(390,'Ambregris Double or Twin Room'),(391,'Privilege Double or Twin Room'),(392,'Twin Room - Disability Access'),(393,'Suite Medersa'),(394,'Salloum Twin Room'),(395,'Suite'),(396,'Double Room - Ecoute s\'il pleut'),(397,'Bab El Mkadem'),(398,'Queen Studio 2 Adult + 1 Child  ( Hind )'),(399,'Olive Suite'),(400,'Kaiss Room'),(401,'Holiday Home'),(402,'Riad Maison Do Suite'),(403,'Double or Twin Room with Private Bathroom'),(404,'Chakir Suite'),(405,'Deluxe Double Room (2 Adults + 1 Child)'),(406,'Mezzanine Suite'),(407,'King Suite with Sea View'),(408,'Suite Royale Al Cazar'),(409,'Double Room - Lavande'),(410,'Suite Royal'),(411,'Standard Room (2 Adults + 1 Child)'),(412,'Yacout Double Room'),(413,'N°6 Superior Room Prune'),(414,'Triple Room with Garden View'),(415,'Comfort Double Room with Bath'),(416,'Tsaoud Double Room'),(417,'Ksar Standard Triple Room'),(418,'Almohade Suite'),(419,'Junior King Suite with Ocean View'),(420,'Superior Double Room with Sea View'),(421,'Mim Deluxe Suite'),(422,'Junior King Suite with Sofa Bed'),(423,'Classic Triple Room'),(424,'Maharajah Quadruple Room'),(425,'Pool Suite'),(426,'Fetoum Duplex Suite'),(427,'Suite Room'),(428,'Triple Room (Morgana)'),(429,'Dar Fatima Suite'),(430,'Douiria'),(431,'Family Suite'),(432,'Superior Room with Garden View'),(433,'Ait Seggaoui Suite'),(434,'Quadruple Room with Shared Bathroom'),(435,'Atta Tribe Twin Tent'),(436,'Sultan Superior Double or Twin Room'),(437,'Chambre Cavaliers berberes'),(438,'Suite Djebel'),(439,'Deluxe Junior Suite'),(440,'Family Bungalow'),(441,'Single Studio'),(442,'Jordania Junior Suite'),(443,'Canari  Double Room'),(444,'Suite 6'),(445,'King Suite with Balcony'),(446,'Doumus Double or Twin Room'),(447,'Ibnou Al Khatib - Duplex'),(448,'Standard Studio'),(449,'Lavande Double Room'),(450,'Al Mansour Suite'),(451,'Maria Room'),(452,'Douria Mini Suite'),(453,'Karen Blixen Twin Room'),(454,'Chellah Triple Room'),(455,'Triple Room with Shared Toilet'),(456,'Deluxe Suite Rhaly'),(457,'Ifnan Deluxe Double Room'),(458,'Quadruple Super Junior Suite'),(459,'Chellah Family Suite'),(460,'Touma Triple  Room'),(461,'Ibnou Al Arabi - Suite'),(462,'Suite Ali-Baba'),(463,'Dar Maison Do Double or Twin Room'),(464,'Lounge Suite'),(465,'Berbère Junior Suite'),(466,'Eight-Bedroom House'),(467,'Five-Bedroom House'),(468,'Deluxe Double Room - Reine de Saba'),(469,'Berber Horse Rider Suite'),(470,'Deluxe Suite - Garden Side'),(471,'Figuier Double Room'),(472,'Sharif Double Room'),(473,'Sherazade Suite'),(474,'Standard Double Room- Non- Smoking'),(475,'Kenza'),(476,'Family Room with Garden View'),(477,'Confort Suite with sea view'),(478,'Leila Room'),(479,'Red Twin Room'),(480,'Terre d\'Omber Double Room'),(481,'Sahara Suite'),(482,'Single Room with Bath'),(483,'Basic Double Room Arganier'),(484,'Berber Twin Room'),(485,'Double Room Loti'),(486,'Double Room Amazigh'),(487,'Bouton d\'Or Twin Room'),(488,'Ambre Suite'),(489,'Superior Double Room -4'),(490,'Single Junior Suite with Sea View'),(491,'Oualili - Standard Triple Room with Private Bathroom'),(492,'Double Deluxe Room'),(493,'Twin Room, Sofabed'),(494,'Quadruple Room with Air-Conditioning'),(495,'Oasis Standard triple room'),(496,'Marrakech Triple Room'),(497,'Family Room Chocolat (2 adults + 2 children)'),(498,'Zahra Twin Room'),(499,'Quadruple Room with Private Bathroom'),(500,'Neroli Double Room'),(501,'Luxury Triple Room'),(502,'Double Room 4'),(503,'Junior Suite with Balcony'),(504,'Suite with Bath'),(505,'Prestige Double Room'),(506,'Luxury Double Room Patio View'),(507,'Single Room with Mountain View'),(508,'King Suite with Ocean View'),(509,'Comfort Triple Room with Shower'),(510,'Nacre Double Room'),(511,'Ambassadeur Suite'),(512,'Family Studio'),(513,'Ambassador Suite'),(514,'Executive Double Room'),(515,'Villa'),(516,'Zagora Suite'),(517,'Samsara Double Room'),(518,'Berbère suite ( 3 Adults)'),(519,'Suite Manzeh Wahed'),(520,'Merzouga Room'),(521,'Double Room (1 Adult + 1 Child)'),(522,'Double Room - Hibiscus'),(523,'Premium Suite (2 Adults+ 1child)'),(524,'Olive Triple Room'),(525,'Junior Suite with Canal View'),(526,'Superior Double Swim Up'),(527,'Saharienne Suite'),(528,'Twin Room with Bathroom'),(529,'Rouge Twin or Double Room'),(530,'Villa di Rosa'),(531,'Double Room - Olive'),(532,'Bab Er-Raha Suite'),(533,'Pack Ramadan (Chambre+F\'tour+S\'hour)'),(534,'Cheikh Double Room'),(535,'Marraplace Double Room'),(536,'Comfort Double Room with Private Bathroom (JININA)'),(537,'Family suite Ambar Salon'),(538,'Three-Bedroom Apartment (6 Adults)'),(539,'Villa with Garden View'),(540,'Palace Suite'),(541,'Ottomane Superior Double or Twin Room Romi Side'),(542,'Manon Suite'),(543,'Suite La Rochelle'),(544,'One-Bedroom King Suite'),(545,'Joutia Zrabi Double Room'),(546,'Apartment with Pool View 1'),(547,'Serail Suite'),(548,'Triple Room with Shower'),(549,'Superior Suite Hind'),(550,'Cozy Double Room'),(551,'One-Bedroom House'),(552,'Zouina Suite'),(553,'Kobba Beige - Beige Room'),(554,'Almoravide Twin Room'),(555,'Double or Twin Room with Private External Bathroom'),(556,'Double Room with Balcony'),(557,'Double Room - Papyrus'),(558,'Dar Ijja Double Room'),(559,'R\'batia Double Room'),(560,'La Bella Otero Double Room'),(561,'Single Room with Bathroom'),(562,'Comfort Double Room'),(563,'Isadora Duncan Twin Room'),(564,'Family Room with Terrace'),(565,'Small Single Room'),(566,'Salam Double Room'),(567,'Marron Double Room'),(568,'Riad Double Room'),(569,'Deluxe Room - Pool View'),(570,'Samira Double Room'),(571,'Sofia Double Room'),(572,'Nacer Suite'),(573,'Single Bed in Mixed Dormitory Room'),(574,'Bahia Superior Double Room'),(575,'Double Room Kamilia'),(576,'Single Bed in 6-Bed Dormitory Room'),(577,'Kobba Khadra - Green Room'),(578,'Terrace Double Room'),(579,'Ikram Double Room'),(580,'Junior Suite Double'),(581,'Abricot Suite'),(582,'Apartment with Shower'),(583,'Al Bahia'),(584,'Quadruple Room Geranium'),(585,'Zaina Suite'),(586,'Tuareg Double Room'),(587,'Premium Sea View Double room'),(588,'Boutou Double Room'),(589,'Yellow Triple Room'),(590,'Double Room - Annex'),(591,'Nour Double Room'),(592,'Double Room Comfort - Ramses'),(593,'Africa Double Room'),(594,'Prestige Suite'),(595,'Superior Double Room with Pool View'),(596,'Three-Bedroom Apartment'),(597,'Superior room with transfer and 01 dinner'),(598,'Green Suite with Terrace'),(599,'Special Offer - Suite Package 4 nights (Suite + transfer + 1 diner + 1 excursion + massage + hammam)'),(600,'Deluxe King Suite Saphir'),(601,'Bab Hammar'),(602,'Superior Twin or Double Room'),(603,'Gaya Suite'),(604,'Vert Double or Twin Room'),(605,'Suite Sara'),(606,'Riad Maison Do Double or Twin Room'),(607,'Family Suite - Two Bedrooms'),(608,'Deluxe Double Room'),(609,'Arab Suite'),(610,'Chalet Premium Zen'),(611,'Executive Single Room'),(612,'Duplex Room (3 Adults)'),(613,'Deluxe Triple Room'),(614,'Standard Double Room with Shower'),(615,'Gaya - Superior Triple Room with Private Bathroom'),(616,'Presidential Suite 2 Bedroom'),(617,'Tent (3 Adults)'),(618,'Petit Patio Suite'),(619,'Queen Studio'),(620,'Triple Room Palmier'),(621,'Double Room Ghita'),(622,'Large Triple Room with Bath'),(623,'Le Ryad'),(624,'Zelllige Double Room'),(625,'Apartment with Terrace'),(626,'Naos Double Room'),(627,'Standard Twin Room with Sofa'),(628,'Small Twin Room'),(629,'Bed in 7-Bed Mixed Dormitory Room'),(630,'Anthyllis Suite'),(631,'Alaoitte Double Room'),(632,'Family Room'),(633,'Attarine Double Room'),(634,'Bab Mahrouq'),(635,'Smara Superior Double Room'),(636,'Romarin Double Room'),(637,'Junior Suite (Chahrazad)'),(638,'Two-Bedroom Apartment (4 Adults)'),(639,'Budget Double or Twin Room'),(640,'Mango Suite'),(641,'Lucia Suite'),(642,'Comfort Triple Room'),(643,'Chourouk Junior Suite Beldi Side'),(644,'Premium Double or Twin Room'),(645,'Classic Suite'),(646,'Chaouen Suite Junior'),(647,'Privilege Double Room'),(648,'Berbere Double Room'),(649,'Azawan Double Room'),(650,'Suite Chocolat'),(651,'Chambre Deluxe Riad Dar Zaouia'),(652,'Studio with Mountain View'),(653,'Family Room with Mountain View'),(654,'Apartment with Pool View 2'),(655,'Double Room with Balcony and Sea View'),(656,'Lawrence Double Room'),(657,'Two-Bedroom Apartment with Sea View'),(658,'Executive Suite, 1 King, Sofa bed, Garden & Pool view'),(659,'Deluxe Double Room (1 adult + 1 child)'),(660,'Mixed Dormitory Room'),(661,'Bed in 10-Bed Mixed Dormitory Room'),(662,'Loubna Double Room'),(663,'Standard  Room'),(664,'Double Room with Extra Bed'),(665,'Playa Room'),(666,'Classic King Room'),(667,'Standard Double Room with Terrace'),(668,'Tanjaouia Twin Room'),(669,'Warda Double Room'),(670,'Bed in 4-Bed Female Dormitory Room'),(671,'Chambre Deluxe Riad Tiwaline'),(672,'El Bacha Suite'),(673,'King Suite With Private Swimming Pool - Beldi'),(674,'Superior Double Suite'),(675,'Suite Zouina'),(676,'Standard Triple Studio'),(677,'Double or Twin Room with View'),(678,'Duplex Room (2 Adults + 2 Child)'),(679,'Emeraude Suite'),(680,'Léon l\'Africain - Double Room'),(681,'Suite Royale Dueria'),(682,'Mérinide Suite'),(683,'Azir Double Room'),(684,'Yasmine Suite'),(685,'Suite Jaziya'),(686,'Ksar Suite with Terrace'),(687,'Quadruple Room with Mountain View'),(688,'Deluxe King Room (FARAH)'),(689,'N°1 Canelle Grand Suite'),(690,'Inaya Suite'),(691,'Suite Nejjarine'),(692,'Wattasside room'),(693,'Deluxe Suite'),(694,'Djafna Suite'),(695,'Senior Suite (2 Adults)'),(696,'Sabah Double Room'),(697,'Suite with Mountain View'),(698,'Prestige Double Suite'),(699,'Superior King Room'),(700,'Adarissa Suite'),(701,'Ouajed Double Room'),(702,'Sahara Economic Room'),(703,'Histoire d\'O Senior Suite Romi Side'),(704,'Terre Superior Double Room'),(705,'Suite Royale Bungalow'),(706,'Tazrara Double Room'),(707,'Tamegroute Double Room'),(708,'Grenadier Junior Suite'),(709,'Superior Double Room with Golf View'),(710,'O\'Délices Junior Suite Romi Side'),(711,'Thym Single Room'),(712,'Grand Suite'),(713,'Standard Twin Room'),(714,'Comfort Double Room with Shower'),(715,'Suite Lepaon'),(716,'Mounia Triple Room'),(717,'Double or Twin Room with Terrace'),(718,'Suite Tent'),(719,'Three-Bedroom Apartment with Sea View'),(720,'Double Room - Promesse de Lune'),(721,'Junior Suite'),(722,'Theme Suite'),(723,'Suite LeChardonneret'),(724,'India Double Room'),(725,'Green Double Room'),(726,'Giena Suite'),(727,'Pool  Palace'),(728,'Jacaranda Double Room'),(729,'Sahraoui Twin Room'),(730,'Standard Single Room with Shared Bathroom'),(731,'Khamsa Double Room Terrace'),(732,'Suite Lahcen'),(733,'Amine Suite'),(734,'Two-Bedroom Apartment (5 Adults)'),(735,'Aida Suite'),(736,'Private House Annex'),(737,'Small Studio'),(738,'Twin Room'),(739,'Twin Room with Private External Bathroom'),(740,'Queen Suite'),(741,'East Suite'),(742,'Triple Room with View (SABRIYA)'),(743,'Vanille Suite'),(744,'Four-Bedroom House'),(745,'Marilyn Suite'),(746,'Apartment with Sea View'),(747,'Gauthier Suite'),(748,'Junior Suite - Pool view - Balcony'),(749,'Essaouira Suite ( 3 Adults)'),(750,'Premium Suite'),(751,'Pool Villa'),(752,'Aya Douairia Senior Suite Beldi Side'),(753,'Basic Triple Room'),(754,'Villa with Private Pool'),(755,'Standard Queen Room with Two Queen Beds'),(756,'Two-Bedroom Apartment'),(757,'Luxury Tent ( 3 Adults )'),(758,'Gentiane Twin Room'),(759,'Suite El Bali'),(760,'Maysar Double Room'),(761,'Secret Suite'),(762,'Khamissa Double Room'),(763,'Double or Twin Room'),(764,'Roof Suite'),(765,'Rooftop Double Room'),(766,'Superior Junior Suite'),(767,'Triple Room (Chahrayar)'),(768,'Family Room with Lake View'),(769,'Datura Noir Triple Room'),(770,'Abla Suite'),(771,'Marrakech Double Room'),(772,'Gardens Side Double Room'),(773,'Superior Double Oualidia'),(774,'Deluxe Suite with River, Mountain and City View'),(775,'Family Room (3 Adults + 1 Baby)'),(776,'Majorelle Suite'),(777,'Deluxe Double or Twin Room with Balcony'),(778,'Deluxe Pool View Room'),(779,'Deluxe Room (2 Adults + 1 Child)'),(780,'Lila Double Room'),(781,'Standard Bungalow'),(782,'Double Room - Tiout'),(783,'Room Gauthier'),(784,'Josephine Baker Twin Room'),(785,'Premium Single Room'),(786,'King Room with Sea View'),(787,'Suite Master'),(788,'Orange Suite (2 Adults)'),(789,'Mobile Home Deluxe Side Sea View'),(790,'Cedre Double Room'),(791,'Traditional Suite'),(792,'Executive Deluxe Double Room Sea View'),(793,'Mezzanine Double Room'),(794,'Family Suite with Terrace'),(795,'Double Room with Patio View'),(796,'Suite - Ambar'),(797,'Deluxe Double or Twin Room'),(798,'Superior Double Room with Air Conditioning'),(799,'Noiraude room'),(800,'Standard Double or Twin Room'),(801,'Bouregreg Triple Room'),(802,'Azahar Twin Room'),(803,'Junior Suite (3 Adults)'),(804,'Colonial Room'),(805,'L\'Ortientale'),(806,'Deluxe Double Room with Spa Package'),(807,'Marrakech Suite'),(808,'Red Triple Room'),(809,'Opaline Double Room'),(810,'Suite Prestige'),(811,'Samarcand Double Room'),(812,'Superior Twin Room with City View'),(813,'Rouge Double Room'),(814,'Santal Blanc Suite'),(815,'Two-Bedroom Suite with Private Bathroom'),(816,'Authentic Double Room with Shared Bathroom and Toilet'),(817,'Double Room with Two Double Beds'),(818,'Superior Double Room (NANA)'),(819,'Room 1'),(820,'King Suite'),(821,'Bunk Bed in Female Dormitory Room'),(822,'Ambre Double Room'),(823,'Junior Suite with Garden View'),(824,'Casablanca Double Room'),(825,'Karim Suite'),(826,'Twin Room - Pouder d\'Etoile'),(827,'Koutoubia Suite'),(828,'Dromadaire Twin Room'),(829,'Double Room Etoile Filante 2'),(830,'Blue suite Room'),(831,'Family Room ( 2 Adults + 2 Children up to 12 years old )'),(832,'Two-Bedroom Suite Apartment'),(833,'Deluxe Quadruple Room'),(834,'Superior Double Room with Bath'),(835,'Double/Twin Safari Room'),(836,'Saharian Suite'),(837,'6-Bed Mixed Dormitory Room'),(838,'Hasna Double Room'),(839,'Premium Suite (2 Adults + 2 Child)'),(840,'Tent (4 Adults)'),(841,'Triple Room with Balcony'),(842,'N°7 Superior Room Fleur d\'orange'),(843,'Presidential Suite'),(844,'Deluxe Room with Garden View'),(845,'Queen Room ( Zacharia )'),(846,'Hajar Double room'),(847,'Marrakchia Junior Suite'),(848,'Farida Suite'),(849,'Saffron Suite (2 Adults)'),(850,'Double Room Agadir'),(851,'Deluxe Single Suite'),(852,'Twin Room (Aladino)'),(853,'One-Bedroom Apartment with Ocean View'),(854,'Suite Le Pélican'),(855,'Room #212631411'),(856,'Studio with Twin Beds'),(857,'Comfort Double Room Al Wardi'),(858,'Sindibad Double Room'),(859,'Triple Room (Alibaba)'),(860,'Twin Tent'),(861,'Luxury Quadruple Room'),(862,'Suite with Private Bathroom'),(863,'Averroès - Suite'),(864,'Triple Super Junior Suite'),(865,'Meknes Junior Suite'),(866,'Luxury Double Room with Private Terrace'),(867,'Standard Room with Ocean View'),(868,'Oudayas Double Room'),(869,'Rose Twin Room'),(870,'Atta Tribe Triple Tent'),(871,'Standard Tent ( 1 Adult )'),(872,'Executive Suite with Pool View'),(873,'Sarah Suite'),(874,'Basic Double Room Verveine'),(875,'Deluxe Suite with Andalousian Patio'),(876,'Suite - Nirvana'),(877,'Laaroussa Suite'),(878,'Salma Double Room'),(879,'Large Family Room with Garden View'),(880,'Mini Suite'),(881,'Standard King Room (DJEANNA)'),(882,'Bunk Bed in Male Dormitory Room'),(883,'Quadruple Room'),(884,'Junior Suite - Terrace'),(885,'Superior Twin Room Pool View'),(886,'Deluxe Double Room with Two Double Beds and Ocean View'),(887,'Superior Two-Bedroom Apartment'),(888,'Double/Twin Super Junior Suite'),(889,'Junior Suite with Sea View'),(890,'Deluxe Queen Room'),(891,'Camoun Double Room'),(892,'Dar Maison Do Suite'),(893,'Double or Twin Room with Pool View'),(894,'Deluxe Double Room with Balcony'),(895,'ADELAIDE ROOM'),(896,'Double Room 7'),(897,'Double Room with Balcony or Terrace'),(898,'Mobil home Premium Side Sea View'),(899,'Mapas Superior Double Room'),(900,'King Room - Mobility Accessible'),(901,'Malak Double Comfort Room'),(902,'Chambre Double lune de miel'),(903,'Executive Suite'),(904,'Chapter 5 Double Room'),(905,'Suite reine berbere'),(906,'Superior Double Room - Non-Smoking'),(907,'Bab Debbagh Double Room'),(908,'Superior Room - Pool view - Balcony'),(909,'Quadruple Room (Emir)'),(910,'Framboise Suite'),(911,'Deluxe Double or Twin Room with Garden View'),(912,'Chambre Studio Riad Bab Firdaus'),(913,'Tataouine Double Room'),(914,'Junior Suite Tr'),(915,'Standard Tent (3 Adults)'),(916,'Orange Blossom Double Room'),(917,'Deluxe Suite with Terrace'),(918,'Sauvage room'),(919,'Large Single Room'),(920,'Tiwaline - Superior Double Room with Private Bathroom'),(921,'Or Triple Room'),(922,'Verbena Suite'),(923,'Deluxe Double Room with Pool and Medina View'),(924,'King Room with Two King Beds'),(925,'Zahira Junior Suite - 5 People'),(926,'Carbon Room'),(927,'Three-Bedroom Suite'),(928,'Ghita Suite'),(929,'Triple Room'),(930,'Dar Latifa Suite'),(931,'Family Suite (3 Adults)'),(932,'Suite with City View'),(933,'Forfait Ramadan - Chambre + F\'tour et S\'hour'),(934,'Reine de Saba Double Room'),(935,'Al Assfar Single Room'),(936,'Suite L\'effraie'),(937,'Berber Deluxe Room'),(938,'Chocolatine Double Room'),(939,'Superior Triple Room'),(940,'Deluxe Riad Double or Twin Room'),(941,'Studio Apartment (2 adults + 1 child)'),(942,'Double Tent'),(943,'Double Room Delacroix'),(944,'Economy Twin Room'),(945,'Deluxe Room, Guest room, 1 King, Pool view, Balcony'),(946,'Villa Namaskar'),(947,'Double Room Soufa'),(948,'Ivory Double Room'),(949,'Suite with Spa Bath'),(950,'Princiére Suite'),(951,'Double or Twin Room with Garden View'),(952,'Double Room with Pool View'),(953,'Habiba Quadruple Room'),(954,'Special Offer - Suite Package 2 nights (Suite + transfer + hammam)'),(955,'Studio with Terrace'),(956,'Them Prestige Suite'),(957,'Double Room with Terrace'),(958,'Premium Queen Room Mosque View'),(959,'Malak Superior Double or Twin Room'),(960,'Double Room Lalla Khadija'),(961,'Alaouite room'),(962,'N°8 Twin Room'),(963,'Standard Double Room with Terrace view'),(964,'Red Double Room'),(965,'Twin Room with Sea View'),(966,'Deluxe Twin Room'),(967,'Family Room with Sea View'),(968,'Suite with Garden View'),(969,'Badis Double Room'),(970,'Kandahar Suite'),(971,'Triple Room with Bathroom'),(972,'Chambre Studio Riad Lydines'),(973,'Badia Single Room Beldi Side'),(974,'Family Room with Private Bathroom'),(975,'Alya Suite'),(976,'Royal Suite Souleimane'),(977,'Chambre Double Nature'),(978,'Jaafar Double Room'),(979,'Presidential Suite - Terrace'),(980,'Moroccan Suite'),(981,'Oumaima Room'),(982,'Ambassador Suite with Sea View'),(983,'Double Room with Spa Bath'),(984,'Air Standard Double Room'),(985,'Jodie Room (4 Adults)'),(986,'Sherine Double Room'),(987,'Standard Double Room with Fan'),(988,'Suite Sherazad'),(989,'Coco Chanel Double Room'),(990,'Private Apartment with Garden Terrace'),(991,'Estambul Double Room'),(992,'Three-Bedroom Apartment with Garden View'),(993,'Schifano Suite'),(994,'Standard Double Room with Shared Bathroom'),(995,'Triple Room - Disability Access'),(996,'Deluxe Double Room with Private Bathroom'),(997,'Hadid Double Room'),(998,'Jaune Double Room'),(999,'Standard Double Room with Shared Bathroom and Toilet'),(1000,'Tseud Standard Twin Room'),(1001,'Suite with Private Pool'),(1002,'Ebene Suite'),(1003,'Single Super Junior Suite'),(1004,'Shanghai Room'),(1005,'Premium Twin Room with City View'),(1006,'Superior Double Room (JASMINE)'),(1007,'Benares Suite'),(1008,'Triple Room with Bath'),(1009,'Tent Triple Deluxe'),(1010,'Safran Suite superior'),(1011,'Sharifa Double Room'),(1012,'Superior Double or Twin Room with Mountain View'),(1013,'Atta Tribe Double Tent'),(1014,'Sherifa Suite'),(1015,'Quadruple Economique'),(1016,'Standard Triple Room'),(1017,'Mimosa Double Room'),(1018,'Rose Suite - Communicating Rooms'),(1019,'Twin Room Menthe'),(1020,'Maryama Suite - 4 People'),(1021,'Apartment (4 Adults)'),(1022,'Two-Bedroom Suite'),(1023,'Standard Triple Tent'),(1024,'Triple Economique'),(1025,'Amel Grand Suite'),(1026,'N°9 Standard Room Bleu'),(1027,'Triple Room with Patio View'),(1028,'Feu Superior Double Room'),(1029,'Superior Suite with Marina View'),(1030,'Meryem Double Room'),(1031,'King Room - Disability Access'),(1032,'Mimosa Twin Room'),(1033,'Bagatelle Double Room'),(1034,'Zafran Family Studio'),(1035,'Double Room with Patio'),(1036,'Special Offer - Suite Package 3 nights (Suite + transfer + 1 diner + hammam)'),(1037,'Olivier Double Room'),(1038,'L\'atelier LittleSon Twin Room'),(1039,'Exceptional Suite'),(1040,'Jaipur Suite'),(1041,'Deluxe Club Room with King-Size Bed'),(1042,'Executive Room'),(1043,'Junior Twin Suite (2 Adults)'),(1044,'Superior Double or Twin Room with Terrace'),(1045,'Wahad Suite'),(1046,'Junior Suite Twin'),(1047,'Junior Suite with Terrace'),(1048,'Suite Bahia'),(1049,'Lalla Fatima Suite'),(1050,'Double Room with Mountain View'),(1051,'Deluxe Room, Guest room, 2 Twin/Single Bed(s), Pool view'),(1052,'Family Room (2 Adults + 1 Child)'),(1053,'Classic Family Room (WACILA)'),(1054,'Deluxe King Suite Rubis'),(1055,'Salon Suite'),(1056,'Comfort Double or Twin Room Nejma'),(1057,'Deluxe Queen Suite'),(1058,'Prestige Double or Twin Room'),(1059,'NAIROBI SUITE'),(1060,'Standard Twin Tent (2 Adults)'),(1061,'Hammam Suite'),(1062,'Sebaa Sandard Double Room'),(1063,'Epice Double Room'),(1064,'Marcello Double Room'),(1065,'Bungalow with Garden View and Terrace'),(1066,'Double Room Lalla Latifa'),(1067,'Single Nomadic Tent'),(1068,'Suite Gauthier Prestige'),(1069,'Sultan Suite'),(1070,'Double Room with Private Terrace'),(1071,'Malak Superior Double Room Beldi Side'),(1072,'Superior Double Room - Green Eyes'),(1073,'Two Bedroom Pool Suite'),(1074,'L\'Atelier Suite'),(1075,'Studio (2 Adults)'),(1076,'Honeymoon Double Room'),(1077,'Duplex Apartment'),(1078,'Senior Apartment with Balcony'),(1079,'Suite with Sea View'),(1080,'Limouna Suite'),(1081,'Kobba Zarga - Blue Room'),(1082,'Amazigh  - Standard Double Room with Private Bathroom'),(1083,'Deluxe Double Room with Side Sea View'),(1084,'Mountain View Room'),(1085,'Basic Triple Room with Shared Bathroom'),(1086,'Majorelle Triple Room'),(1087,'King Suite With Private Swimming Pool - Majorelle'),(1088,'Standard Single Room with Mountain View'),(1089,'Superior Double Room - Yacout'),(1090,'Roses Double Room'),(1091,'Tent (5 Adults)'),(1092,'Saadia Double Room'),(1093,'Suite la magie de Marrakech'),(1094,'Deluxe Double Room with Terrace'),(1095,'Hasna Apartment'),(1096,'Bahia Suite'),(1097,'Errakis Double or Twin Room'),(1098,'Beldi Suite'),(1099,'Argana Double Room'),(1100,'Fes Room'),(1101,'King Guest Room with Mobility Accessible'),(1102,'Sabba Suite'),(1103,'Aliya Suite'),(1104,'L\'Africaine'),(1105,'Standard Twin Room with Shared Bathroom'),(1106,'Bedaouia Junior Suite'),(1107,'Suite (2 Adults + 1 Child)'),(1108,'Executive Queen Room'),(1109,'Tosca Royal Suite'),(1110,'Smarine Family Rooms'),(1111,'Ahlam Suite'),(1112,'Baghdad Suite'),(1113,'King Room with Garden View'),(1114,'Menzeh Jouj Suite'),(1115,'Double or Triple Room with Private Bathroom'),(1116,'Aicha Triple Room'),(1117,'Double Room (2 Adults + 2 Child )'),(1118,'Laurier Rose Junior Suite'),(1119,'Douirya Double Room'),(1120,'Suite Ambassadeur'),(1121,'Bed in 4-Bed Dormitory Room'),(1122,'Garden Suite'),(1123,'Rosella Suite'),(1124,'Room #212631410'),(1125,'Tétouan Standard Room'),(1126,'Deluxe Family Suite'),(1127,'Suite Ouarzazi'),(1128,'Salam Standard  Double Room Beldi Side'),(1129,'Superior  Double Room'),(1130,'Izghi Double Room'),(1131,'Royale Suite'),(1132,'Douiria Suite'),(1133,'Superior Single Room'),(1134,'Black Suite'),(1135,'Double or Twin Room with Shared Bathroom'),(1136,'Superior Double Room with Terrace'),(1137,'Family Room with Bathroom'),(1138,'Superior Double ou Twin Azzouna'),(1139,'Taroudant Suite'),(1140,'Aknari Double Room'),(1141,'Drouj Double Room'),(1142,'King Room with Pool View'),(1143,'Anita Delgado Twin Room'),(1144,'Executive Suite Art Place'),(1145,'Premium Room - Terrace'),(1146,'Superior Deluxe Double or Twin Room'),(1147,'Two-Bedroom Apartment with Ocean View'),(1148,'Double or Twin Room with Sea View'),(1149,'Odysee Superior Double Room Romi Side'),(1150,'One-Bedroom Apartment (2 Adults)'),(1151,'Tent'),(1152,'Single Room with Park View'),(1153,'Orientale Superior Double Room Romi Side'),(1154,'Deluxe Room, Guest room, 2 Twin/Single Bed(s), Garden view'),(1155,'Room with Sea View'),(1156,'Mobile Home Prestige Sea View'),(1157,'Arabesque Suite'),(1158,'Lalla Fatima Room'),(1159,'Deluxe Single Room'),(1160,'Single Room with Private Bathroom'),(1161,'Double Room - Disability Access'),(1162,'Double Room with Balcony (2 Adults + 1 Child)'),(1163,'Yasmine Double Room'),(1164,'Premium Family Room'),(1165,'Bab Al Ain'),(1166,'Sara Suite'),(1167,'Comfort Quadruple Room'),(1168,'Quadruple Room with Balcony'),(1169,'Superior Room'),(1170,'Suite Double/Twin Room darechchaouen'),(1171,'One-Bedroom Apartment (4 People)'),(1172,'Andalus Suite'),(1173,'Single Bed in Female Dormitory Room'),(1174,'Quadruple Room with Bathroom'),(1175,'Muscade Double Room'),(1176,'Double Room 5'),(1177,'Apartment with Private Pool'),(1178,'Suite with Terrace'),(1179,'Deluxe Double Room with Sea View'),(1180,'Twin Room with Private Bathroom'),(1181,'Double Room Sindibad'),(1182,'Twin Room with Shared Bathroom'),(1183,'Double Room ( 3 Adults)'),(1184,'Small Room'),(1185,'Chapter 1 Double Room'),(1186,'Standard Double Tent (2 Adults)'),(1187,'Detroit Room'),(1188,'Aawa Double Room'),(1189,'Deluxe Double Room with Shower'),(1190,'Single Bed in 4-Bed Dormitory Room'),(1191,'Executive Room with Garden View'),(1192,'Room 2'),(1193,'Large Double or Twin Room'),(1194,'Al Bourtoukali Double or Twin Room'),(1195,'Safrana Room'),(1196,'Senior Suite king- Lit King-Size'),(1197,'Junior Suite with Private Pool'),(1198,'Kennaria Double Room'),(1199,'Falak Luxury Double Room Beldi Side'),(1200,'Triple Room with Sea View'),(1201,'Ennafora Suite'),(1202,'Suite Deluxe'),(1203,'Kobba Safra - Yellow Room'),(1204,'Deluxe Junior Suite - Musc'),(1205,'Talata Triple Room Deluxe'),(1206,'Queen Family Room with Sea View'),(1207,'Two-Bedroom Connecting Family Room'),(1208,'Deluxe King Suite Emeraude'),(1209,'Pavillon Suite -With Private Swiming Pool-'),(1210,'Deluxe Double Room with Garden View'),(1211,'Idris - Superior Double Room with Private Bathroom'),(1212,'N°2 Junior Suite Ambre'),(1213,'Prestige Twin Beds Suite'),(1214,'Double Room (2 Adults)'),(1215,'Double Room with Private External Bathroom'),(1216,'Sahara standard double room'),(1217,'Triple Room with City View'),(1218,'Standard Tent (4 Adults)'),(1219,'King Room with Balcony'),(1220,'Rayhana'),(1221,'Dades Suite (3 Adults)'),(1222,'Ksar Suite with Garden'),(1223,'King Room'),(1224,'Superior Family Room'),(1225,'La Tour - Two-Bedroom Apartment with Pool'),(1226,'Economy Quadruple Room'),(1227,'South Suite'),(1228,'Pierre de lune Suite'),(1229,'Double Room with Medina View'),(1230,'Suite Koutoubia'),(1231,'Luxury Double Suite Aya'),(1232,'Lilas Double or Twin Room'),(1233,'Duplex Room (3 Adults + 1 Child)'),(1234,'Dar Sara Room'),(1235,'Double Room - Yaacout'),(1236,'Anjun Junior Suite Beldi Side'),(1237,'Large Twin Room'),(1238,'1000 Parfumes Double Room'),(1239,'Zaatar Double Room'),(1240,'Double Room Lalla Meyriem'),(1241,'Suite (3-4 adults)'),(1242,'Traditional Harim-Suite with Private Garden'),(1243,'Najma Suite'),(1244,'Queen Room with Sea View'),(1245,'Ibnou Batouta - Double Room'),(1246,'Indigo LittleSon Double Room'),(1247,'Aziza Suite'),(1248,'Bab Berrima Double Room'),(1249,'Yahya Tribe Double Tent'),(1250,'Fez Suite'),(1251,'Double Suite Paprica'),(1252,'Suite Al Hambra'),(1253,'Triple Room with Pool View'),(1254,'Junior Suite with Mountain View'),(1255,'Family Suite (4 Adults)'),(1256,'Superior Suite Touareg'),(1257,'Oudayas Suite'),(1258,'Single Room with Garden View'),(1259,'Jad Suite'),(1260,'Comfort Suite'),(1261,'Apartment with Pool View 3'),(1262,'Juj Standard Twin Room'),(1263,'Salam Junior Suite'),(1264,'De Luxe Room with Sea View'),(1265,'Tibibt Twin Room'),(1266,'Superior Double Room - Amira'),(1267,'Twin Room with Pool View'),(1268,'Bab El-Khemish Double Room'),(1269,'Suite with Balcony (WARDA)'),(1270,'Fassia Junior Suite'),(1271,'Superior King Suite'),(1272,'Two-Bedroom Deluxe King Suite with Ocean View'),(1273,'Duplex Room (1 Adult + 2 Child)'),(1274,'Twin Room with Shower'),(1275,'Olivier Superior Double Room'),(1276,'Maimonide - Double Room'),(1277,'Nakhla Twin Room'),(1278,'Thlata Superior Double Room'),(1279,'Kamar Double Room'),(1280,'Premium Twin Room Mosque View'),(1281,'Aswan Suite'),(1282,'Istanbul Suite'),(1283,'Indigo Double Room'),(1284,'Ambassador Suite - Forest Side'),(1285,'Chambre Salma'),(1286,'Family Junior Suite'),(1287,'Yasmina Suite'),(1288,'Luxury Double or Twin Room'),(1289,'Deluxe King Suite'),(1290,'Suite Privilège'),(1291,'Nour Suite'),(1292,'Bab El Onsar'),(1293,'Family Room Oudaias'),(1294,'Panoramic Family Suite with Terrace'),(1295,'Deluxe Suite -  Forest Side'),(1296,'Double Room with Sea View'),(1297,'Economy Double Room with Private Bathroom'),(1298,'Double or Twin Suite with Terrace'),(1299,'Double or Twin Room - Disability Access'),(1300,'Junior Suite (2 Adults)'),(1301,'Triple Suite Natascha'),(1302,'Two-Bedroom Apartment with Garden View'),(1303,'Signature Suite with Private pool'),(1304,'Ghizlane Room'),(1305,'N°4 Superior Room Safran'),(1306,'Superior Suite Musk'),(1307,'Madada Double Room'),(1308,'Queen Room'),(1309,'Double Room (2 Adults + 1 Child)'),(1310,'Family Room (4 Adults)'),(1311,'Matisse Double Room'),(1312,'Triple Suite'),(1313,'Bungalow with Garden View'),(1314,'Suite 7'),(1315,'Quadruple Room with Sea View'),(1316,'Ibn Battouta Double Room'),(1317,'Suite Home'),(1318,'Deluxe Junior Apartment'),(1319,'Two-Bedrooms Duplex Bungalow with Terrace'),(1320,'Hind Room'),(1321,'Double Room (1 Adult)'),(1322,'Assala Double Room'),(1323,'Economy Double Room'),(1324,'Three-Bedroom House'),(1325,'Sky Deluxe Double Room With Panoramic City View'),(1326,'Ramsa Duplex Double Room'),(1327,'Orange Double Room'),(1328,'Special Offer - Suite Package 3 nights (Suite + Transfer + Half Board + Hammam)'),(1329,'Double Room 6'),(1330,'Superior Villa'),(1331,'Queen Family Room'),(1332,'Double Room with Panoramic View'),(1333,'Ocean View Room'),(1334,'Classic Twin Room'),(1335,'Deluxe King Room with Ocean View'),(1336,'Deluxe Apartment'),(1337,'Standard Quadruple Room Private Bathroom'),(1338,'Double Room Bauhi'),(1339,'Twin Room Touareg'),(1340,'Suite - Terrace'),(1341,'Chapter 4 Double Room'),(1342,'Toubkal Double Room'),(1343,'Double Room with Shared Bathroom'),(1344,'Small Character Room'),(1345,'Economy Double Room (2 adults + 1 child)'),(1346,'Sakina Junior suite'),(1347,'Two-Bedroom Apartment - With Pool access'),(1348,'Palmier Double Room'),(1349,'Sasnou Double Room'),(1350,'Damasco Double Room'),(1351,'North Suite'),(1352,'Noura Suite'),(1353,'Family Suite Garden View, 1 Bedroom Bi-level Suite, Balcony'),(1354,'Senior Apartment with Terrace'),(1355,'Rose des Sables Suite'),(1356,'Ambassador Twin Suite'),(1357,'Double Room with Side Sea View (2 Adults + 1 Child)'),(1358,'Warda Suite'),(1359,'Deluxe Bungalow'),(1360,'Terra del mundo Double Room'),(1361,'Double Room - Argana'),(1362,'Double Room with Lake View'),(1363,'Deluxe Double Room with Pool View'),(1364,'Isli - Superior Double Room with Private Bathroom'),(1365,'Triple Room with Terrace'),(1366,'African Suite'),(1367,'Yakouta Room'),(1368,'Standard Double Room -3'),(1369,'Room #212631415'),(1370,'Double Room with Side Sea View (2 adults)'),(1371,'Triple Room with Side Sea View'),(1372,'Fedka Suite'),(1373,'Dune Suite'),(1374,'Apartment'),(1375,'Basic Double Room'),(1376,'Deluxe King Room with Pool View'),(1377,'Blue Double Room'),(1378,'Three-Bedroom Villa'),(1379,'Basha Suite'),(1380,'Small Double Room'),(1381,'Superior Double or Twin Room'),(1382,'Patio Side Double Room'),(1383,'Comfort Twin Room'),(1384,'Suite (3 Adults)'),(1385,'Four-Bedroom Apartment with Sea View'),(1386,'Saadienne Suite'),(1387,'Deluxe Single Room with Balcony'),(1388,'Wahid Double Room Deluxe Patio'),(1389,'N°3 junior Suite Musk'),(1390,'Bougainvillier Double Room'),(1391,'Toto Triple Room'),(1392,'Standard Tent (2 Adults)'),(1393,'Suite (Twin)'),(1394,'Superior Twin Room'),(1395,'Africa Standard Twin Room'),(1396,'Family Suite (2 Adults + 1 Child)'),(1397,'Suite Olivia'),(1398,'Single Room with Shower'),(1399,'Family Two-Bedroom Suite'),(1400,'Queen Suite with Pool View'),(1401,'Family Suite (6 Adults)'),(1402,'Double Room - Lila'),(1403,'Al Yacout'),(1404,'Superior Twin Room with Pool View'),(1405,'Studio with Garden View'),(1406,'Suite Princess Yasmine'),(1407,'Suite Rahma'),(1408,'Lala Touriya Room'),(1409,'Mountain Palace'),(1410,'Family Room (3 Adults)'),(1411,'Standard Double Room Private Bathroom'),(1412,'Indigo Suite with Terrace'),(1413,'Telouet Double Room'),(1414,'Water Palace'),(1415,'Setta Sandard Double Room'),(1416,'Dar Arabe Double or Twin Room'),(1417,'Persia Double Room'),(1418,'Apartment (2 Adults)'),(1419,'Chefchaouen Suite'),(1420,'Studio with Pool View'),(1421,'Dana Double Room'),(1422,'Large Double Room'),(1423,'Suite Sahara'),(1424,'Pemium Double Room (2 Adults + 1 Child)'),(1425,'Single Room with Shared Bathroom'),(1426,'Deluxe Family Room'),(1427,'Bed in 4-Bed Mixed Dormitory Room'),(1428,'Superior Double Room'),(1429,'Premium Twin Room'),(1430,'Sdandard Room Maria Sahara'),(1431,'Hanoi Room'),(1432,'Menzeh Suite'),(1433,'Comfort Studio'),(1434,'Canelle Double Room'),(1435,'Le Pacha'),(1436,'Standard Apartment'),(1437,'Bed in 8-Bed Mixed Dormitory Room'),(1438,'Ibtissame Suite'),(1439,'Family Room with Private Pool'),(1440,'Chapter 2 Suite'),(1441,'Suite Coriandre'),(1442,'Appartement Hasna (5 Adults)'),(1443,'Sky Premium Double Room With Panoramic City View'),(1444,'Deluxe Villa'),(1445,'Triple Safari Room'),(1446,'Legend Room with Marina view'),(1447,'Classic Double Room with Shower'),(1448,'Four-Bedroom Villa (8 Adults)'),(1449,'Twin Room with Garden View'),(1450,'Starry Suite'),(1451,'Kobba Hamra - Red Room'),(1452,'Room Rokaya'),(1453,'Oriental Amber Suite'),(1454,'Terasse Double Room'),(1455,'Double Room Jaipur'),(1456,'Zahra Double Room'),(1457,'Chambre Deluxe Riad Bab Firdaus'),(1458,'Apartment - Ground Floor'),(1459,'Berber Suite'),(1460,'Double Guest Room with Two Double Beds'),(1461,'Oranger Double Room'),(1462,'Duplex Room (2 Adults + 1 Child)'),(1463,'Deluxe King Room'),(1464,'Chocolat Double Room'),(1465,'Deluxe Room, Guest room, 1 King, Garden view, Balcony'),(1466,'Jasmin Twin Room'),(1467,'Raha Double Room'),(1468,'Suite (1 Adult + 2 Child)'),(1469,'Mogador Double Room'),(1470,'Bunk Bed in Mixed Dormitory Room'),(1471,'Studio (2 Adults + 1 Child)'),(1472,'Dellah Double Room'),(1473,'Quadruple Room with Bath'),(1474,'Tataoui Suite'),(1475,'Sabra Double Room'),(1476,'Double Room Economic 1'),(1477,'Rubis Suite'),(1478,'Triple Room with Private Bathroom'),(1479,'Double or Twin Room with Bathroom'),(1480,'Standard Double ou Twin Mogador'),(1481,'Suite Royale'),(1482,'Superior Studio'),(1483,'Superior Double Ourika'),(1484,'Junior Suite, 1 King, Sofa bed, Garden & Pool view, Balcony'),(1485,'Deluxe Room - Rayhane'),(1486,'Zerka Double Room'),(1487,'Double Room Gallery'),(1488,'Studio with Sofa Bed'),(1489,'Mayssoun Suite'),(1490,'Rissani Twin Room'),(1491,'Volubilis - Superior Double Room with Private Bathroom'),(1492,'Classic Queen Room'),(1493,'Mogador Suite'),(1494,'Double Room Lambaréné'),(1495,'Amande Double Room'),(1496,'Standard Double or Twin Room Rhalya'),(1497,'Double Room -Essaouira- Ocean view'),(1498,'Khamsa Suite'),(1499,'Superior Quadruple Room'),(1500,'Budget Single Room'),(1501,'Double Room Essaouira'),(1502,'Zanzibar Double Room'),(1503,'Bungalow (2 Adults)'),(1504,'Double Room with Garden View'),(1505,'Suite Nedjma'),(1506,'Suite Sultana'),(1507,'Superior Berber Double or Twin Room'),(1508,'Maisonette'),(1509,'Tent Doukalla'),(1510,'Wahed Family Room'),(1511,'Malika Double Room'),(1512,'Merzouga Double Room'),(1513,'Suite (1 adult + 1 child)'),(1514,'Myrtille Twin Room'),(1515,'Bab Agnao Suite'),(1516,'Perle Double or Twin Room'),(1517,'Deluxe King Suite Ambre'),(1518,'Studio Apartment'),(1519,'Duplex Apartment with Terrace'),(1520,'Quadruple Room with Garden View'),(1521,'Titwania Twin Room'),(1522,'Safran Double Room'),(1523,'Alejandria Junior Suite'),(1524,'Eau Superior Triple Room'),(1525,'Des Portraits Single Room'),(1526,'Fleur d\'Oranger  Double Room'),(1527,'Standard Double or Twin Room with Garden View'),(1528,'Leila Triple Room'),(1529,'Meknes Room'),(1530,'Superior Suite Ambar'),(1531,'Superior Double Room with Balcony'),(1532,'Avempace - Suite'),(1533,'Suite (2 Adults + 2 Children)'),(1534,'Solarium Double Room'),(1535,'Family Room (2 Connecting Rooms) Garden View'),(1536,'Economy Triple Room with Shared Bathroom'),(1537,'Red Mini Suite'),(1538,'Essaouira Twin Room'),(1539,'Executive Twin Room'),(1540,'Sahab Double Room'),(1541,'Jouj Suite'),(1542,'Lateral Superior Double Room'),(1543,'Room #212631417'),(1544,'Tent (2 Adults)'),(1545,'Noir Pouder Double Room'),(1546,'One-Bedroom Apartment with Sea View'),(1547,'Suite - Musc'),(1548,'Cannelle Double Room'),(1549,'Studio'),(1550,'Suite Supérieure Al Casaba'),(1551,'Berbere Twin Room'),(1552,'Menzeh Wahed Suite'),(1553,'Deluxe Jasmine Suite'),(1554,'Moucharabieh Suite'),(1555,'Indigo Twin Room'),(1556,'Superior Double Room Marina View'),(1557,'Macbeth Double Room'),(1558,'Standard Double Room with River View'),(1559,'Monaco Room'),(1560,'Standard Single Room'),(1561,'Casablanca Room'),(1562,'Smata Twin or Double Room'),(1563,'Rose Des Sables Room'),(1564,'Sultane Suite'),(1565,'Double Suite Curry'),(1566,'Mamounia Double Room'),(1567,'Small Double or Twin Room'),(1568,'Mini Suite (2 Adults)'),(1569,'Twin Room Basilic'),(1570,'Standard Suite'),(1571,'Standard  Double Room'),(1572,'Tiziri Double Room'),(1573,'Double Room - Jasmin'),(1574,'Bordeaux Double Room'),(1575,'Apartment with Pool View'),(1576,'Suite Yassine'),(1577,'Deluxe King Suite with Ocean View'),(1578,'Patio Suite'),(1579,'4-Bed Female Dormitory Room'),(1580,'Bab Dokala Suite'),(1581,'Double Room Olivier'),(1582,'Oriental Musc Suite'),(1583,'One-Bedroom Apartment with Terrace'),(1584,'Budget Double Room with Shared Bathroom'),(1585,'Mini Room'),(1586,'Triple Room Olivier'),(1587,'Double Room with Extra Bed Clair de Lune 5'),(1588,'Signature Chalet'),(1589,'D\'Olive Suite'),(1590,'Superior Twin Room with Garden View'),(1591,'Meknès Double Room'),(1592,'Suite Hamam'),(1593,'Legend Room with Pool view'),(1594,'Deluxe Twin Room - Sherazade'),(1595,'Dar Ilias Room'),(1596,'Superior Deluxe Double Room'),(1597,'Double Room - Ambre'),(1598,'Deluxe King Suite - Cleopatre'),(1599,'West Suite'),(1600,'Gallery Suite'),(1601,'Comfort Double Room with Private Bathroom (LUISA)'),(1602,'Cinnamon Room'),(1603,'Merinide Double Room'),(1604,'Deluxe Sky Single'),(1605,'Paprika Double Room'),(1606,'Premium Suite 3 pax'),(1607,'Superior Room Isadora'),(1608,'Junior Suite with Pool View'),(1609,'Triple Tent'),(1610,'Double or Twin Room with Balcony'),(1611,'Hana Junior Suite'),(1612,'Rousse room'),(1613,'Superior Apartment'),(1614,'Chalet Prestige'),(1615,'Six-Bedroom House'),(1616,'Savanne Double Room'),(1617,'Panoramic Double Suite with Terrace'),(1618,'Superior Double Room with Ocean View'),(1619,'Economy Double or Twin Room'),(1620,'Royal Suite Amal'),(1621,'Deluxe Suite with Sea View'),(1622,'Casablanca Suite'),(1623,'La Sultane'),(1624,'Mandarine Double or Twin Room'),(1625,'Mobil Home Vue Piscine'),(1626,'One-Bedroom Suite with Sea View'),(1627,'Nomade Suite'),(1628,'Double Room Appl'),(1629,'Family Room with Pool View'),(1630,'Studio with Balcony (3 Adults)'),(1631,'Executive Room with Ocean View'),(1632,'Raya Quadruple Room'),(1633,'Twin Room with Balcony'),(1634,'Ambassador Suite - Garden Side'),(1635,'Amandier Double Room'),(1636,'Patchouli Double Room'),(1637,'Senior Suite'),(1638,'Privilege Suite'),(1639,'Twin Room with Mountain View'),(1640,'Triple Room with Mountain View'),(1641,'Chambre Deluxe Riad Si Said'),(1642,'Oriental Suite'),(1643,'Zaafran Suite'),(1644,'Room 5'),(1645,'Double Room Comfort - Zinobia'),(1646,'Khenifra Junior Suite'),(1647,'Quadruple Safari Room'),(1648,'Double Room with Balcony (3 Adults)'),(1649,'Suite 123 Soleil'),(1650,'Agerzam - Standard Twin Room with Private Bathroom'),(1651,'Large Family Room with Pool View'),(1652,'Deluxe Bougainvillea Suite'),(1653,'Double Room - Citronnier'),(1654,'Double Room Lalla Salma'),(1655,'Pacha Double Room with Sea View'),(1656,'Deluxe Suite with Spa Bath'),(1657,'Thayra Double Room'),(1658,'Sebaa Double Room'),(1659,'Double or Twin Suite'),(1660,'Deluxe Room'),(1661,'Superior King or Twin Room'),(1662,'King Room with Mountain View'),(1663,'Standard Quadruple Room'),(1664,'Iman Double Room'),(1665,'Junior Suite Safran (2 adults + 2 children)'),(1666,'Double Room -Tétouan-'),(1667,'Executive Studio'),(1668,'Mata Hari Twin Room'),(1669,'Standard Double Room with Pool View'),(1670,'Royal Suite'),(1671,'Oz Deluxe Suite'),(1672,'Setta Double Room'),(1673,'Sagha Twin or Double Room'),(1674,'Fassia Suite'),(1675,'Classic Double or Twin Room'),(1676,'Bab Ksiba Double Room'),(1677,'Standard Single Room with Shower');
/*!40000 ALTER TABLE `dim_room_type` ENABLE KEYS */;
UNLOCK TABLES;

--
-- Table structure for table `fact_offers`
--

DROP TABLE IF EXISTS `fact_offers`;
/*!40101 SET @saved_cs_client     = @@character_set_client */;
 SET character_set_client = utf8mb4 ;
CREATE TABLE `fact_offers` (
  `address_id` int(11) DEFAULT NULL,
  `place_type_id` int(11) DEFAULT NULL,
  `room_type_id` int(11) DEFAULT NULL,
  `number_of_persons_id` int(11) DEFAULT NULL,
  `number_of_offers` int(11) DEFAULT NULL,
  `average_rating` double DEFAULT NULL,
  `max_rating` double DEFAULT NULL,
  `min_rating` double DEFAULT NULL,
  KEY `fk_a_idx` (`address_id`),
  KEY `fk_n_idx` (`number_of_persons_id`),
  KEY `fk_r_idx` (`room_type_id`),
  KEY `fk_p_idx` (`place_type_id`),
  CONSTRAINT `fk_a` FOREIGN KEY (`address_id`) REFERENCES `dim_addresses` (`id`),
  CONSTRAINT `fk_n` FOREIGN KEY (`number_of_persons_id`) REFERENCES `dim_number_of_persons` (`id`),
  CONSTRAINT `fk_p` FOREIGN KEY (`place_type_id`) REFERENCES `dim_place_type` (`id`),
  CONSTRAINT `fk_r` FOREIGN KEY (`room_type_id`) REFERENCES `dim_room_type` (`id`)
) ENGINE=InnoDB DEFAULT CHARSET=utf8mb4 COLLATE=utf8mb4_0900_ai_ci;
/*!40101 SET character_set_client = @saved_cs_client */;

--
-- Dumping data for table `fact_offers`
--

LOCK TABLES `fact_offers` WRITE;
/*!40000 ALTER TABLE `fact_offers` DISABLE KEYS */;
INSERT INTO `fact_offers` VALUES (60,3,1427,1,82,9.0609756098,9.9,8.3),(60,3,120,1,71,9.0704225352,9.8,8.2),(60,3,309,1,41,9.1512195122,9.9,8.3),(60,3,607,1,38,9.2526315789,10,8.3),(60,3,720,1,27,9.1888888889,9.9,8),(4,12,1150,1,20,9.65,10,9.2),(60,18,120,1,19,9.1368421053,9.8,8.5),(60,3,394,2,19,9.2473684211,9.9,8.8),(60,3,692,1,17,9.2470588235,10,8.4),(4,12,1150,2,16,9.6875,10,9.2),(60,18,1427,1,15,9.3266666667,9.8,8.7),(60,3,720,2,15,9.1933333333,9.6,8.7),(60,3,394,1,15,9.06,9.9,8.3),(4,12,1150,3,14,9.6714285714,10,9.2),(60,3,430,3,14,9.2928571429,9.9,8.8),(142,3,309,1,12,9.0916666667,9.5,8.4),(60,3,1380,1,12,9.0083333333,9.4,8.4),(60,18,607,1,11,9.3454545455,9.6,9.1),(60,18,956,1,11,9.3090909091,9.7,8.6),(4,12,1150,4,11,9.6090909091,10,9.3),(60,3,796,1,11,9.0090909091,9.4,8.6),(60,3,1659,1,11,8.9090909091,9.5,8),(18,3,1427,1,11,8.8090909091,9.3,8.1),(60,3,612,2,10,9.11,9.6,8.6),(60,3,928,2,10,8.94,9.6,8.3),(60,7,309,1,9,9,9.4,8.1),(18,3,120,1,9,8.7111111111,9,8.1),(4,12,1150,5,8,9.6875,10,9.4),(60,3,204,0,8,9.05,9.9,8.7),(60,3,1015,2,8,8.6,9.2,8.2),(60,3,938,2,8,8.975,9.6,8.4),(60,3,737,1,8,8.875,9.3,8.3),(29,3,181,1,8,9.3625,9.4,9.3),(4,3,309,1,8,9.05,9.7,8.6),(142,7,928,2,7,8.4857142857,8.5,8.4),(127,7,394,1,7,9.2,9.2,9.2),(60,18,692,1,7,9.4428571429,9.6,9.1),(60,18,309,1,7,9.2571428571,9.5,8.9),(18,18,309,1,7,9.2571428571,9.4,8.5),(60,16,607,1,7,8.8142857143,9.3,8.1),(60,16,720,1,7,8.6,9.2,8.1),(60,16,394,1,7,8.7571428571,9.5,8.3),(27,3,181,1,7,9.0285714286,9.1,9),(142,3,607,1,7,9.1571428571,9.5,8.4),(60,3,181,1,7,9.5142857143,9.7,9),(60,3,1427,2,7,8.9571428571,9.3,8.7),(60,3,23,2,7,9.1571428571,9.7,8.7),(139,6,1373,3,6,9.0166666667,9.2,8.1),(142,7,309,1,6,9.0166666667,9.7,8.4),(83,18,1427,1,6,9.6,9.6,9.6),(18,14,572,0,6,9.4,9.4,9.4),(18,16,692,1,6,9.1833333333,9.2,9.1),(2,12,1150,3,6,9.6666666667,9.7,9.6),(142,3,692,3,6,9.1,9.4,8.8),(142,3,181,1,6,9.25,9.5,9),(60,3,561,1,6,9.0166666667,9.6,8.5),(60,3,762,1,6,9.1666666667,9.5,9),(60,3,882,3,6,8.5333333333,8.8,8.3),(60,3,712,1,6,9.0666666667,9.4,8.7),(60,3,394,3,6,9.2,9.4,8.9),(60,3,23,1,6,9.3666666667,9.8,8.9),(139,6,745,3,5,8.1,8.1,8.1),(60,18,951,1,5,9.32,9.8,8.6),(60,18,181,1,5,9.4,9.7,8.9),(60,18,720,1,5,9.22,9.7,8.7),(54,18,928,2,5,8.6,8.6,8.6),(132,18,181,1,5,8.94,9.1,8.9),(60,16,1659,3,5,8.88,9,8.4),(60,16,120,1,5,8.46,8.7,8.1),(18,16,607,1,5,9.18,9.2,9.1),(139,16,1049,1,5,8.9,8.9,8.9),(112,0,502,1,5,9.3,9.3,9.3),(60,3,178,1,5,8.96,9.7,8.3),(60,3,641,2,5,8.46,9.1,8.2),(60,3,14,2,5,8.7,8.7,8.7),(60,3,430,2,5,9.08,9.2,8.9),(60,3,466,9,5,9.16,9.7,8.4),(60,3,1299,1,5,9.06,9.5,8.7),(60,3,1669,3,5,9.12,9.7,8.4),(60,3,799,1,5,8.88,9.1,8.4),(60,3,1559,0,5,9.08,9.8,8.7),(60,3,156,1,5,9.52,9.6,9.2),(60,3,1477,2,5,9.2,9.5,8.8),(142,7,882,3,4,8.475,8.5,8.4),(60,7,607,1,4,8.8,9.4,8.1),(60,7,120,1,4,8.85,9,8.4),(18,7,309,1,4,9.05,9.3,8.4),(61,7,928,2,4,8.65,9.2,8.1),(4,7,676,1,4,9.3,9.3,9.3),(127,7,309,1,4,9.2,9.2,9.2),(162,11,1199,2,4,8,8,8),(142,18,309,1,4,9.225,9.9,9),(60,18,1659,1,4,9.225,9.6,9.1),(60,18,692,2,4,9.325,9.4,9.1),(60,18,309,2,4,9.1,9.1,9.1),(60,18,1503,1,4,9.425,9.5,9.4),(60,18,720,2,4,9.35,9.6,9.1),(60,18,498,3,4,9,9.1,8.9),(60,18,23,1,4,9.1,9.3,8.8),(29,18,607,1,4,9.4,9.4,9.4),(74,18,120,1,4,9.3,9.3,9.3),(158,16,720,1,4,8.175,8.2,8.1),(60,16,309,1,4,8.65,9.2,8.1),(60,16,1427,1,4,8.8,9.2,8.6),(18,16,309,1,4,8.675,9.5,8),(18,16,120,1,4,8.8,9.2,8.4),(144,16,1295,1,4,8.35,8.7,8.2),(144,16,720,1,4,8.4,8.6,8.2),(132,16,309,1,4,9.325,9.7,8.7),(60,3,607,2,4,9.275,9.5,9.1),(60,3,692,2,4,9.6,9.9,9.2),(60,3,692,3,4,8.875,9.3,8.3),(60,3,956,1,4,9.15,9.5,8.5),(60,3,902,1,4,9.175,9.7,8.8),(60,3,631,3,4,8.975,9.4,8.5),(60,3,819,1,4,9.225,9.4,9),(60,3,819,2,4,8.95,9.7,8.7),(60,3,842,3,4,9.1,9.2,9),(60,3,1636,1,4,9,9.1,8.7),(60,3,1393,1,4,9.05,9.5,8.7),(18,3,309,1,4,8.85,9,8.7),(18,3,204,0,4,8.8,9.6,8.1),(4,3,928,2,4,8.975,9.2,8.6),(139,3,1427,1,4,8.6,8.6,8.6),(144,6,745,4,3,8.3,8.3,8.3),(139,6,1373,1,3,8.1,8.1,8.1),(142,7,737,1,3,9.0333333333,9.3,8.9),(61,7,309,1,3,8.4666666667,9,8.1),(4,7,204,0,3,9.0333333333,9.2,8.9),(139,7,607,1,3,8.6,9,8.4),(66,17,1373,3,3,8.2,8.2,8.2),(151,1,1659,1,3,9.4,9.4,9.4),(27,18,309,1,3,8.2333333333,8.6,8),(27,18,928,2,3,8.2333333333,8.6,8),(27,18,737,1,3,8.2333333333,8.6,8),(138,18,832,3,3,9.1,9.1,9.1),(60,18,1188,1,3,8.9666666667,9.5,8),(60,18,796,1,3,9.6666666667,9.8,9.6),(60,18,438,1,3,9.2,9.4,9.1),(60,18,612,2,3,9.4333333333,9.7,9.2),(60,18,1007,2,3,9.7,9.7,9.7),(60,18,1477,2,3,9.1333333333,9.5,8.9),(29,18,120,1,3,8.8,9.3,8.5),(18,18,882,3,3,8.5666666667,8.7,8.5),(132,18,25,1,3,9.5,9.5,9.5),(158,16,607,1,3,8.3333333333,8.8,8),(60,16,692,1,3,8.9666666667,9.5,8.4),(60,16,951,0,3,8.2,8.2,8.2),(60,16,951,1,3,8.5333333333,9.2,8.2),(60,16,902,1,3,8.3333333333,8.9,8),(60,16,720,2,3,8.8,9.3,8.4),(60,16,799,1,3,8.4666666667,9,8),(18,16,928,2,3,8.3,8.5,8),(122,16,1295,1,3,8.7,9,8.2),(144,16,309,1,3,8.3333333333,8.7,8.1),(144,16,204,0,3,8.2,8.3,8.1),(134,16,181,1,3,8.4,8.4,8.4),(57,0,967,3,3,9.1,9.1,9.1),(2,12,1150,1,3,9.6666666667,9.7,9.6),(2,12,1150,2,3,9.6333333333,9.7,9.6),(69,12,1150,3,3,9.5,9.7,9.3),(4,12,1150,0,3,9.5,10,9.2),(104,3,607,1,3,9,9.4,8.5),(104,3,120,1,3,9.3,9.4,9.1),(3,3,394,3,3,8.9,8.9,8.9),(142,3,692,2,3,9.3333333333,9.5,9),(142,3,430,3,3,9.4,9.4,9.4),(12,3,309,1,3,9,9,9),(21,3,607,1,3,9.3333333333,9.4,9.2),(60,3,25,1,3,8.8,9.2,8.3),(60,3,404,2,3,9.7,9.7,9.7),(60,3,1188,1,3,9.1333333333,9.2,9.1),(60,3,1425,3,3,9.2,9.5,9),(60,3,889,1,3,9.4666666667,9.7,9),(60,3,965,1,3,9.1333333333,9.5,8.9),(60,3,951,1,3,9.6,9.8,9.2),(60,3,1322,1,3,9.3666666667,9.6,9.2),(60,3,1285,3,3,9.4,9.5,9.3),(60,3,430,4,3,9.1,9.2,9),(60,3,500,2,3,9.3666666667,9.6,9.2),(60,3,1570,1,3,9.3333333333,9.6,9.1),(60,3,1380,2,3,9.2666666667,9.6,9),(60,3,1021,3,3,9.0333333333,9.7,8.7),(29,3,1427,1,3,9.2666666667,9.3,9.2),(29,3,928,2,3,9.3666666667,9.7,8.7),(18,3,181,1,3,9.1333333333,9.6,8.9),(18,3,712,1,3,8.8,9,8.5),(18,3,394,1,3,8.6666666667,9.4,8.1),(18,3,938,2,3,8.6666666667,9,8.1),(18,3,928,2,3,8.7,9.3,8.1),(18,3,737,1,3,8.7333333333,9,8.4),(16,3,309,1,3,8.7333333333,9,8.6),(16,3,120,1,3,9.0666666667,9.7,8.5),(4,3,882,3,3,9.2666666667,9.7,9),(139,3,120,1,3,8.7666666667,9.1,8.6),(24,13,1373,4,2,8.55,8.9,8.2),(142,6,755,3,2,8,8,8),(60,6,309,1,2,8.25,8.5,8),(60,6,1435,5,2,8.5,8.5,8.5),(18,6,1373,5,2,8.2,8.2,8.2),(18,6,309,1,2,8.2,8.2,8.2),(139,6,745,1,2,8.1,8.1,8.1),(139,6,624,3,2,8.1,8.1,8.1),(139,6,380,1,2,8.1,8.1,8.1),(139,6,755,3,2,8.1,8.1,8.1),(118,6,755,5,2,8.6,8.6,8.6),(132,6,1373,4,2,9.1,9.1,9.1),(24,6,755,4,2,8.7,8.7,8.7),(28,7,1049,1,2,8.6,8.6,8.6),(142,7,631,5,2,8.5,8.5,8.5),(107,7,430,3,2,9.2,9.2,9.2),(60,7,309,2,2,9,9,9),(60,7,204,0,2,8.85,9.4,8.3),(60,7,1662,3,2,8.75,9.2,8.3),(60,7,712,1,2,8.45,8.7,8.2),(60,7,1427,1,2,8.9,9.4,8.4),(60,7,737,1,2,8.85,9.4,8.3),(40,7,762,1,2,8.9,8.9,8.9),(159,7,309,1,2,9.1,9.7,8.5),(159,7,762,1,2,9.45,9.7,9.2),(159,7,1609,1,2,9.7,9.7,9.7),(159,7,928,2,2,9.1,9.7,8.5),(61,7,631,3,2,8.85,9.6,8.1),(44,7,430,3,2,9.7,9.7,9.7),(2,7,1150,3,2,9.8,9.8,9.8),(75,7,309,1,2,8.8,8.8,8.8),(4,7,762,1,2,9.05,9.2,8.9),(4,7,498,3,2,9.3,9.3,9.3),(4,7,394,3,2,9.1,9.2,9),(4,7,928,2,2,9.05,9.2,8.9),(127,7,507,1,2,9.2,9.2,9.2),(95,7,956,1,2,9,9,9),(87,7,1503,1,2,9.9,9.9,9.9),(87,7,1021,3,2,9.9,9.9,9.9),(139,7,309,1,2,8.95,9,8.9),(139,7,120,1,2,8.85,9,8.7),(139,7,667,1,2,9.3,9.3,9.3),(126,7,181,1,2,9.1,9.1,9.1),(2,11,1150,1,2,9.8,9.8,9.8),(2,11,1150,2,2,9.8,9.8,9.8),(4,11,309,1,2,9.25,9.5,9),(162,11,745,4,2,8,8,8),(58,17,954,1,2,8.4,8.7,8.1),(60,17,1335,5,2,8.25,8.3,8.2),(39,17,1373,1,2,8.9,8.9,8.9),(144,17,1574,2,2,8.7,8.7,8.7),(144,17,755,6,2,8.2,8.2,8.2),(139,17,755,3,2,8.65,8.9,8.4),(151,1,312,3,2,9.4,9.4,9.4),(27,18,120,1,2,8.3,8.6,8),(68,18,950,1,2,8,8,8),(68,18,720,2,2,8,8,8),(142,18,181,1,2,9.05,9.1,9),(142,18,430,3,2,9.6,9.9,9.3),(83,18,607,1,2,9.7,9.7,9.7),(83,18,893,1,2,9.7,9.7,9.7),(83,18,430,1,2,9.7,9.7,9.7),(83,18,253,1,2,9.7,9.7,9.7),(83,18,204,0,2,9.6,9.6,9.6),(21,18,607,1,2,9.1,9.7,8.5),(60,18,1574,1,2,9.7,9.7,9.7),(60,18,641,2,2,9.1,9.2,9),(60,18,1462,1,2,9.2,9.8,8.6),(60,18,762,1,2,8.95,9.1,8.8),(60,18,430,3,2,9.5,9.8,9.2),(60,18,1607,2,2,9.4,9.4,9.4),(60,18,842,2,2,9.05,9.4,8.7),(60,18,1173,3,2,9.35,9.8,8.9),(60,18,1379,1,2,9,9,9),(60,18,394,1,2,9.25,9.4,9.1),(60,18,394,2,2,9,9.1,8.9),(60,18,90,1,2,8.55,9.1,8),(60,18,1177,1,2,9,9.4,8.6),(60,18,1177,2,2,9.25,9.4,9.1),(60,18,1498,3,2,9.2,9.3,9.1),(60,18,23,3,2,9,9.1,8.9),(60,18,1393,1,2,9.6,9.8,9.4),(60,18,928,2,2,9.05,9.1,9),(60,18,1252,2,2,8.55,8.6,8.5),(60,18,1021,5,2,9.15,9.4,8.9),(29,18,796,1,2,9.3,9.3,9.3),(29,18,631,3,2,8.55,8.6,8.5),(29,18,1421,1,2,8.95,9.4,8.5),(29,18,712,1,2,8.55,8.6,8.5),(29,18,1380,1,2,9.3,9.3,9.3),(112,18,1659,1,2,9.3,9.3,9.3),(112,18,696,1,2,9.3,9.3,9.3),(112,18,1638,1,2,9.3,9.3,9.3),(18,18,204,0,2,8.9,9.3,8.5),(18,18,928,2,2,8.6,8.7,8.5),(74,18,1427,1,2,9.3,9.3,9.3),(152,18,1257,0,2,8.7,8.7,8.7),(61,18,893,1,2,9.2,9.2,9.2),(61,18,882,3,2,9.5,9.5,9.5),(16,18,893,1,2,9.1,9.1,9.1),(16,18,1462,1,2,8.9,9.1,8.7),(30,18,607,1,2,8.5,8.5,8.5),(139,18,607,1,2,9.2,9.2,9.2),(132,18,309,1,2,8.6,9.1,8.1),(132,18,120,1,2,8.6,8.9,8.3),(132,18,394,2,2,8,8,8),(132,18,970,2,2,9,9.1,8.9),(132,18,1477,2,2,9,9.1,8.9),(60,9,1222,1,2,8.1,8.1,8.1),(124,9,309,1,2,9.7,9.7,9.7),(113,9,25,1,2,8.2,8.2,8.2),(60,14,1436,0,2,8.7,8.7,8.7),(60,14,881,0,2,9,9,9),(60,14,1469,0,2,9,9,9),(18,14,1243,1,2,9.4,9.4,9.4),(127,14,309,1,2,9.35,9.5,9.2),(127,14,122,0,2,9.5,9.5,9.5),(104,16,1393,1,2,8.4,8.5,8.3),(158,16,1462,1,2,8.1,8.2,8),(158,16,889,1,2,8.1,8.2,8),(158,16,184,1,2,8.5,8.8,8.2),(109,16,720,1,2,8.05,8.1,8),(111,16,720,1,2,8,8,8),(58,16,720,1,2,8.2,8.4,8),(142,16,720,1,2,8.75,9.2,8.3),(60,16,178,1,2,8.75,9.2,8.3),(60,16,796,1,2,9.1,9.2,9),(60,16,842,1,2,8.95,9,8.9),(60,16,1636,1,2,8.1,8.1,8.1),(60,16,712,1,2,8.4,8.7,8.1),(60,16,38,1,2,8.55,8.9,8.2),(60,16,594,1,2,8.3,8.6,8),(60,16,23,1,2,8.75,9.2,8.3),(60,16,928,2,2,8.15,8.3,8),(60,16,737,1,2,8.2,8.3,8.1),(18,16,1178,1,2,8.55,8.7,8.4),(18,16,1288,1,2,9.2,9.2,9.2),(18,16,888,1,2,8.55,8.7,8.4),(18,16,882,3,2,8.25,8.5,8),(18,16,204,0,2,8.35,8.7,8),(18,16,712,1,2,8.95,9.5,8.4),(18,16,1427,1,2,8.65,8.8,8.5),(61,16,309,1,2,8.3,8.3,8.3),(61,16,882,3,2,8.3,8.3,8.3),(61,16,928,2,2,8.3,8.3,8.3),(5,16,120,1,2,9.15,9.3,9),(105,16,309,1,2,9,9.5,8.5),(122,16,1559,0,2,8.95,9,8.9),(144,16,318,1,2,8.35,8.5,8.2),(144,16,882,3,2,8.4,8.7,8.1),(144,16,1669,3,2,8.45,8.6,8.3),(144,16,326,1,2,8.2,8.2,8.2),(144,16,928,2,2,8.4,8.7,8.1),(134,16,1078,2,2,8.4,8.4,8.4),(139,16,951,1,2,8.9,8.9,8.9),(139,16,819,2,2,8.25,8.4,8.1),(139,16,1380,1,2,8.4,8.5,8.3),(139,16,737,1,2,8.3,8.5,8.1),(126,16,309,1,2,8.3,8.3,8.3),(132,16,430,3,2,9.45,9.7,9.2),(132,16,1393,1,2,8.75,9.2,8.3),(132,16,1477,2,2,8.5,8.7,8.3),(24,16,204,0,2,8.4,8.5,8.3),(57,0,1503,2,2,9,9,9),(143,12,1150,1,2,9.8,9.8,9.8),(56,12,1150,1,2,9.6,9.6,9.6),(104,3,309,1,2,8.8,9.4,8.2),(104,3,394,1,2,9.25,9.4,9.1),(104,3,931,3,2,8.2,8.2,8.2),(3,3,309,1,2,8.9,8.9,8.9),(142,3,1499,0,2,9.35,9.4,9.3),(142,3,796,1,2,9,9.3,8.7),(142,3,438,1,2,8.8,8.8,8.8),(142,3,692,1,2,9.25,9.3,9.2),(142,3,902,2,2,9.5,9.5,9.5),(142,3,882,3,2,9.4,9.4,9.4),(142,3,120,1,2,8.8,9.1,8.5),(142,3,1569,2,2,9,9,9),(142,3,1380,1,2,9.2,9.5,8.9),(142,3,928,2,2,8.95,9.5,8.4),(83,3,607,2,2,9.3,9.3,9.3),(83,3,762,3,2,8.75,8.8,8.7),(82,3,720,3,2,9.1,9.1,9.1),(21,3,23,1,2,9.4,9.4,9.4),(60,3,592,1,2,9.25,9.5,9),(60,3,821,1,2,8.45,8.5,8.4),(60,3,1374,1,2,8.85,9.5,8.2),(60,3,644,3,2,8.85,9.4,8.3),(60,3,422,2,2,8.3,8.3,8.3),(60,3,1166,3,2,8.3,8.3,8.3),(60,3,508,2,2,9.05,9.2,8.9),(60,3,404,1,2,8.8,8.8,8.8),(60,3,1125,2,2,8.45,8.9,8),(60,3,778,2,2,9.6,9.7,9.5),(60,3,555,1,2,9.5,9.6,9.4),(60,3,402,1,2,9.55,9.7,9.4),(60,3,465,16,2,9.25,9.6,8.9),(60,3,430,1,2,9.5,9.8,9.2),(60,3,66,3,2,9.1,9.2,9),(60,3,1299,2,2,8.75,9.1,8.4),(60,3,1222,1,2,9.5,9.5,9.5),(60,3,770,1,2,8.55,9.1,8),(60,3,643,1,2,9.3,9.3,9.3),(60,3,739,1,2,9.25,9.4,9.1),(60,3,1569,1,2,9.4,9.5,9.3),(60,3,948,1,2,8.65,8.8,8.5),(60,3,1177,1,2,9,9.1,8.9),(60,3,1498,3,2,8.85,8.9,8.8),(60,3,1168,1,2,9.3,9.5,9.1),(60,3,1021,2,2,9.2,9.4,9),(97,3,607,1,2,9.3,9.5,9.1),(97,3,1427,1,2,9.3,9.5,9.1),(29,3,253,2,2,9.3,9.3,9.3),(45,3,120,1,2,9.1,9.1,9.1),(45,3,394,1,2,9.1,9.1,9.1),(45,3,1128,1,2,9.1,9.1,9.1),(159,3,475,3,2,9.2,9.3,9.1),(18,3,607,1,2,8.95,9.4,8.5),(18,3,607,2,2,8.5,8.5,8.5),(18,3,1659,1,2,9.35,9.4,9.3),(18,3,762,1,2,8.85,9.6,8.1),(18,3,430,3,2,8.95,9,8.9),(18,3,720,1,2,9.2,9.4,9),(18,3,720,2,2,9.3,9.6,9),(18,3,1421,1,2,8.5,8.5,8.5),(18,3,1078,1,2,8.5,8.5,8.5),(18,3,1270,1,2,8.7,9,8.4),(105,3,1659,1,2,8.3,8.3,8.3),(105,3,309,1,2,8.7,9.1,8.3),(105,3,762,1,2,8.7,9.1,8.3),(16,3,607,1,2,9.1,9.7,8.5),(16,3,994,2,2,8.6,8.6,8.6),(4,3,607,1,2,9.5,9.5,9.5),(4,3,204,0,2,8.8,9,8.6),(4,3,394,1,2,8.6,8.6,8.6),(19,3,692,1,2,9.6,9.6,9.6),(19,3,309,1,2,9.6,9.6,9.6),(132,3,193,1,2,8.9,8.9,8.9),(132,3,309,1,2,8.65,8.9,8.4),(132,3,1421,1,2,8.65,8.9,8.4),(133,3,181,1,2,8.5,8.5,8.5),(60,4,1443,9,2,8.4,8.4,8.4),(0,13,1373,3,1,8.8,8.8,8.8),(0,13,380,2,1,9,9,9),(0,13,755,3,1,10,10,10),(0,13,755,5,1,8.7,8.7,8.7),(104,13,1373,1,1,8.5,8.5,8.5),(104,13,745,2,1,8.3,8.3,8.3),(102,13,595,7,1,9.5,9.5,9.5),(43,13,745,3,1,8.3,8.3,8.3),(136,13,1373,3,1,8.7,8.7,8.7),(158,13,755,4,1,8.5,8.5,8.5),(58,13,1373,2,1,8.6,8.6,8.6),(58,13,75,6,1,8.7,8.7,8.7),(90,13,75,5,1,8.8,8.8,8.8),(141,13,1373,7,1,9.4,9.4,9.4),(32,13,755,3,1,9.9,9.9,9.9),(31,13,240,10,1,8,8,8),(110,13,380,2,1,9.4,9.4,9.4),(135,13,755,2,1,8.3,8.3,8.3),(135,13,755,4,1,9.1,9.1,9.1),(60,13,1373,1,1,9.2,9.2,9.2),(60,13,755,4,1,9.8,9.8,9.8),(18,13,1373,1,1,8.3,8.3,8.3),(18,13,755,3,1,9.1,9.1,9.1),(14,13,1335,5,1,8.6,8.6,8.6),(116,13,1373,4,1,9,9,9),(116,13,745,5,1,8.3,8.3,8.3),(66,13,1373,7,1,8.5,8.5,8.5),(108,13,1574,5,1,8.3,8.3,8.3),(144,13,1373,5,1,8.3,8.3,8.3),(144,13,1335,4,1,8.9,8.9,8.9),(139,13,755,4,1,8.2,8.2,8.2),(118,13,755,5,1,8.5,8.5,8.5),(156,13,755,5,1,9.4,9.4,9.4),(53,13,755,3,1,8,8,8),(137,13,1457,3,1,9.1,9.1,9.1),(137,13,380,3,1,9.1,9.1,9.1),(137,13,755,5,1,8.6,8.6,8.6),(37,13,745,7,1,8.3,8.3,8.3),(104,6,1373,3,1,8.8,8.8,8.8),(104,6,75,3,1,8.8,8.8,8.8),(104,6,624,3,1,8.8,8.8,8.8),(104,6,1335,3,1,8.8,8.8,8.8),(34,6,595,7,1,8.3,8.3,8.3),(34,6,755,5,1,8.3,8.3,8.3),(158,6,240,3,1,8.9,8.9,8.9),(158,6,1612,3,1,8.9,8.9,8.9),(58,6,624,3,1,9.1,9.1,9.1),(58,6,1517,3,1,9.1,9.1,9.1),(84,6,1457,5,1,8.5,8.5,8.5),(84,6,175,3,1,8.5,8.5,8.5),(67,6,545,3,1,8.6,8.6,8.6),(67,6,653,3,1,8.6,8.6,8.6),(67,6,1260,3,1,8.6,8.6,8.6),(67,6,1335,3,1,8.6,8.6,8.6),(110,6,1612,2,1,8.9,8.9,8.9),(110,6,755,5,1,8.9,8.9,8.9),(142,6,624,2,1,8,8,8),(60,6,1457,3,1,8.5,8.5,8.5),(60,6,1457,5,1,8,8,8),(60,6,75,2,1,9.5,9.5,9.5),(60,6,240,2,1,9.5,9.5,9.5),(60,6,624,6,1,8,8,8),(60,6,624,7,1,8,8,8),(60,6,1084,2,1,8.5,8.5,8.5),(60,6,1335,4,1,8,8,8),(60,6,1335,7,1,8,8,8),(60,6,1478,1,1,8.5,8.5,8.5),(116,6,1373,1,1,8.6,8.6,8.6),(116,6,1373,3,1,8.6,8.6,8.6),(116,6,1373,5,1,8.6,8.6,8.6),(122,6,1517,0,1,9.1,9.1,9.1),(122,6,755,4,1,9.1,9.1,9.1),(144,6,1457,4,1,8.3,8.3,8.3),(144,6,1655,2,1,9.5,9.5,9.5),(144,6,380,2,1,9.5,9.5,9.5),(127,6,1335,3,1,9.3,9.3,9.3),(127,6,380,3,1,9.3,9.3,9.3),(139,6,1574,3,1,8.1,8.1,8.1),(139,6,745,2,1,8.1,8.1,8.1),(139,6,1335,1,1,8.1,8.1,8.1),(139,6,1295,3,1,8.1,8.1,8.1),(139,6,1076,1,1,8.1,8.1,8.1),(139,6,1545,1,1,8.1,8.1,8.1),(139,6,1612,1,1,8.1,8.1,8.1),(132,6,1373,1,1,9.1,9.1,9.1),(132,6,1373,2,1,9.1,9.1,9.1),(132,6,380,2,1,9.1,9.1,9.1),(24,6,1373,4,1,8.7,8.7,8.7),(10,6,1574,5,1,9.3,9.3,9.3),(10,6,1574,7,1,9.3,9.3,9.3),(28,7,144,1,1,8.6,8.6,8.6),(28,7,1421,1,1,8.6,8.6,8.6),(28,7,1448,1,1,8.6,8.6,8.6),(62,7,1160,1,1,8.7,8.7,8.7),(62,7,1503,1,1,8.7,8.7,8.7),(62,7,1257,0,1,8.7,8.7,8.7),(62,7,1223,3,1,8.7,8.7,8.7),(62,7,1498,3,1,8.7,8.7,8.7),(62,7,413,2,1,8.7,8.7,8.7),(142,7,193,1,1,9.3,9.3,9.3),(142,7,1333,1,1,8.9,8.9,8.9),(142,7,607,1,1,9.5,9.5,9.5),(142,7,1462,1,1,8.9,8.9,8.9),(142,7,692,3,1,9.3,9.3,9.3),(142,7,965,1,1,9.5,9.5,9.5),(142,7,181,1,1,9.7,9.7,9.7),(142,7,1564,1,1,8.9,8.9,8.9),(142,7,1250,1,1,8.9,8.9,8.9),(142,7,631,4,1,8.5,8.5,8.5),(142,7,496,1,1,8.9,8.9,8.9),(142,7,973,3,1,9.7,9.7,9.7),(142,7,1664,1,1,8.9,8.9,8.9),(142,7,1421,1,1,9.3,9.3,9.3),(142,7,882,4,1,8.5,8.5,8.5),(142,7,394,3,1,8.4,8.4,8.4),(142,7,1440,1,1,8.9,8.9,8.9),(142,7,928,1,1,8.5,8.5,8.5),(142,7,1477,2,1,9.5,9.5,9.5),(142,7,197,1,1,8.9,8.9,8.9),(142,7,1018,1,1,8.9,8.9,8.9),(142,7,527,1,1,9.5,9.5,9.5),(142,7,1021,3,1,9.3,9.3,9.3),(83,7,937,2,1,9.6,9.6,9.6),(83,7,692,3,1,9.6,9.6,9.6),(83,7,309,2,1,9.6,9.6,9.6),(83,7,394,2,1,9.6,9.6,9.6),(83,7,1392,2,1,9.6,9.6,9.6),(82,7,512,1,1,9.3,9.3,9.3),(82,7,430,3,1,9.3,9.3,9.3),(82,7,720,1,1,9.3,9.3,9.3),(82,7,842,1,1,9.3,9.3,9.3),(82,7,1669,1,1,9.3,9.3,9.3),(80,7,309,1,1,9.5,9.5,9.5),(80,7,120,1,1,9.5,9.5,9.5),(80,7,737,1,1,9.5,9.5,9.5),(163,7,951,1,1,8.5,8.5,8.5),(163,7,1481,5,1,8.5,8.5,8.5),(107,7,25,1,1,9.2,9.2,9.2),(60,7,821,1,1,9.2,9.2,9.2),(60,7,732,2,1,9.1,9.1,9.1),(60,7,77,2,1,9.6,9.6,9.6),(60,7,25,1,1,9,9,9),(60,7,1433,1,1,9.6,9.6,9.6),(60,7,1463,1,1,9.6,9.6,9.6),(60,7,1166,3,1,8.1,8.1,8.1),(60,7,893,1,1,9.3,9.3,9.3),(60,7,1425,1,1,9.4,9.4,9.4),(60,7,1659,1,1,8.4,8.4,8.4),(60,7,692,2,1,8.2,8.2,8.2),(60,7,612,1,1,9.4,9.4,9.4),(60,7,1443,15,1,9.1,9.1,9.1),(60,7,309,0,1,9.4,9.4,9.4),(60,7,1361,1,1,8.4,8.4,8.4),(60,7,973,5,1,8.2,8.2,8.2),(60,7,430,3,1,9.4,9.4,9.4),(60,7,466,9,1,9.4,9.4,9.4),(60,7,1094,5,1,9.1,9.1,9.1),(60,7,824,3,1,9.1,9.1,9.1),(60,7,141,1,1,9.2,9.2,9.2),(60,7,1351,1,1,9.1,9.1,9.1),(60,7,523,2,1,9.6,9.6,9.6),(60,7,328,1,1,8.2,8.2,8.2),(60,7,253,3,1,9.3,9.3,9.3),(60,7,1208,4,1,8.7,8.7,8.7),(60,7,842,4,1,8.1,8.1,8.1),(60,7,1472,3,1,8.2,8.2,8.2),(60,7,567,1,1,8.7,8.7,8.7),(60,7,384,3,1,9.6,9.6,9.6),(60,7,62,1,1,9.1,9.1,9.1),(60,7,1397,0,1,9.4,9.4,9.4),(60,7,1379,1,1,8.4,8.4,8.4),(60,7,1015,2,1,8.3,8.3,8.3),(60,7,626,1,1,9.4,9.4,9.4),(60,7,394,1,1,9,9,9),(60,7,90,3,1,9.2,9.2,9.2),(60,7,136,2,1,9.2,9.2,9.2),(60,7,1223,4,1,8.2,8.2,8.2),(60,7,765,2,1,9.2,9.2,9.2),(60,7,23,3,1,8.1,8.1,8.1),(60,7,938,2,1,9.4,9.4,9.4),(60,7,1393,2,1,9,9,9),(60,7,928,1,1,8.4,8.4,8.4),(60,7,928,2,1,8.1,8.1,8.1),(60,7,350,1,1,9.4,9.4,9.4),(60,7,1021,5,1,9.4,9.4,9.4),(60,7,753,18,1,8.1,8.1,8.1),(29,7,1245,1,1,8.6,8.6,8.6),(29,7,1554,1,1,8.6,8.6,8.6),(29,7,1073,2,1,8.6,8.6,8.6),(29,7,1037,1,1,8.6,8.6,8.6),(29,7,21,1,1,8.6,8.6,8.6),(29,7,103,3,1,8.6,8.6,8.6),(29,7,763,4,1,8.6,8.6,8.6),(29,7,185,2,1,8.6,8.6,8.6),(29,7,1009,3,1,8.6,8.6,8.6),(29,7,388,2,1,8.6,8.6,8.6),(29,7,286,1,1,8.6,8.6,8.6),(29,7,994,2,1,8.6,8.6,8.6),(29,7,350,2,1,8.6,8.6,8.6),(40,7,309,1,1,8.9,8.9,8.9),(40,7,181,1,1,8.9,8.9,8.9),(40,7,1614,10,1,8.9,8.9,8.9),(40,7,394,2,1,8.9,8.9,8.9),(40,7,1477,2,1,8.9,8.9,8.9),(164,7,893,1,1,9.5,9.5,9.5),(164,7,1503,1,1,9.5,9.5,9.5),(164,7,181,1,1,9.5,9.5,9.5),(164,7,652,3,1,9.5,9.5,9.5),(164,7,1477,2,1,9.5,9.5,9.5),(159,7,1084,2,1,9.2,9.2,9.2),(159,7,631,3,1,9.7,9.7,9.7),(159,7,511,14,1,8.5,8.5,8.5),(159,7,659,14,1,9.2,9.2,9.2),(159,7,686,3,1,8.5,8.5,8.5),(159,7,1015,2,1,9.2,9.2,9.2),(159,7,696,4,1,9.2,9.2,9.2),(159,7,1011,1,1,9.2,9.2,9.2),(159,7,938,2,1,9.2,9.2,9.2),(159,7,595,5,1,9.2,9.2,9.2),(159,7,840,2,1,9.7,9.7,9.7),(18,7,769,1,1,8.7,8.7,8.7),(18,7,1115,2,1,8.7,8.7,8.7),(18,7,745,3,1,8.4,8.4,8.4),(18,7,1321,1,1,9,9,9),(18,7,4,1,1,8.7,8.7,8.7),(18,7,1374,1,1,9.2,9.2,9.2),(18,7,26,2,1,9.3,9.3,9.3),(18,7,376,2,1,9.3,9.3,9.3),(18,7,101,1,1,9,9,9),(18,7,607,1,1,8.4,8.4,8.4),(18,7,612,2,1,8.4,8.4,8.4),(18,7,371,2,1,9.3,9.3,9.3),(18,7,1500,3,1,9.3,9.3,9.3),(18,7,1454,2,1,9.3,9.3,9.3),(18,7,1493,1,1,9.3,9.3,9.3),(18,7,322,3,1,9.3,9.3,9.3),(18,7,1295,1,1,8.4,8.4,8.4),(18,7,430,3,1,9.3,9.3,9.3),(18,7,466,11,1,9.3,9.3,9.3),(18,7,743,9,1,8.4,8.4,8.4),(18,7,1421,1,1,9.2,9.2,9.2),(18,7,30,1,1,9.2,9.2,9.2),(18,7,1527,2,1,8.7,8.7,8.7),(18,7,1306,1,1,9,9,9),(18,7,1510,1,1,8.7,8.7,8.7),(18,7,1029,1,1,8.7,8.7,8.7),(18,7,1492,3,1,9,9,9),(18,7,715,2,1,8.7,8.7,8.7),(18,7,798,1,1,9.3,9.3,9.3),(18,7,590,1,1,8.7,8.7,8.7),(18,7,1654,1,1,9,9,9),(18,7,259,1,1,9,9,9),(18,7,1611,1,1,9.3,9.3,9.3),(18,7,1091,1,1,8.7,8.7,8.7),(18,7,1474,1,1,9,9,9),(18,7,315,1,1,9,9,9),(18,7,917,1,1,9.3,9.3,9.3),(18,7,1559,0,1,8.4,8.4,8.4),(18,7,394,1,1,9.2,9.2,9.2),(18,7,542,4,1,9.3,9.3,9.3),(18,7,1427,1,1,9.3,9.3,9.3),(18,7,1427,2,1,9.3,9.3,9.3),(18,7,1427,3,1,9.2,9.2,9.2),(18,7,1481,1,1,9.3,9.3,9.3),(18,7,454,2,1,8.4,8.4,8.4),(18,7,737,1,1,8.4,8.4,8.4),(18,7,755,3,1,9,9,9),(18,7,497,1,1,8.7,8.7,8.7),(115,7,309,1,1,8.4,8.4,8.4),(115,7,1015,2,1,8.4,8.4,8.4),(115,7,426,3,1,8.4,8.4,8.4),(115,7,737,1,1,8.4,8.4,8.4),(61,7,815,1,1,9.4,9.4,9.4),(61,7,178,1,1,9.4,9.4,9.4),(61,7,1125,3,1,9.1,9.1,9.1),(61,7,1288,1,1,9.1,9.1,9.1),(61,7,692,4,1,9.2,9.2,9.2),(61,7,1535,2,1,9.4,9.4,9.4),(61,7,1285,3,1,9.2,9.2,9.2),(61,7,1309,3,1,9.3,9.3,9.3),(61,7,802,2,1,9.2,9.2,9.2),(61,7,1030,1,1,9.1,9.1,9.1),(61,7,444,1,1,9.1,9.1,9.1),(61,7,1584,1,1,9.2,9.2,9.2),(61,7,882,3,1,8.3,8.3,8.3),(61,7,1159,0,1,9.4,9.4,9.4),(61,7,1183,2,1,9.2,9.2,9.2),(61,7,120,1,1,9.3,9.3,9.3),(61,7,799,1,1,9.6,9.6,9.6),(61,7,326,3,1,9,9,9),(61,7,1662,3,1,9.2,9.2,9.2),(61,7,1559,0,1,9.6,9.6,9.6),(61,7,1015,2,1,9.6,9.6,9.6),(61,7,712,1,1,9.3,9.3,9.3),(61,7,394,1,1,9.4,9.4,9.4),(61,7,394,2,1,9.2,9.2,9.2),(61,7,1532,3,1,9.3,9.3,9.3),(61,7,1135,1,1,9.4,9.4,9.4),(61,7,1660,1,1,9.1,9.1,9.1),(61,7,1477,2,1,9.4,9.4,9.4),(61,7,737,1,1,8.1,8.1,8.1),(92,7,309,1,1,8.6,8.6,8.6),(92,7,493,3,1,8.6,8.6,8.6),(92,7,120,1,1,8.6,8.6,8.6),(92,7,928,2,1,8.6,8.6,8.6),(92,7,737,1,1,8.6,8.6,8.6),(9,7,404,1,1,8.8,8.8,8.8),(9,7,910,1,1,8.8,8.8,8.8),(9,7,181,1,1,8.8,8.8,8.8),(9,7,973,4,1,8.8,8.8,8.8),(9,7,511,4,1,8.8,8.8,8.8),(9,7,918,0,1,8.8,8.8,8.8),(9,7,498,3,1,8.8,8.8,8.8),(9,7,1015,2,1,8.8,8.8,8.8),(5,7,1188,2,1,9.7,9.7,9.7),(5,7,796,1,1,9.7,9.7,9.7),(5,7,1659,2,1,9.7,9.7,9.7),(5,7,973,3,1,9.7,9.7,9.7),(5,7,132,3,1,8.8,8.8,8.8),(5,7,1167,3,1,9.7,9.7,9.7),(5,7,120,1,1,8.8,8.8,8.8),(5,7,712,1,1,8.8,8.8,8.8),(5,7,394,5,1,9.7,9.7,9.7),(5,7,90,3,1,8.8,8.8,8.8),(5,7,928,2,1,8.8,8.8,8.8),(5,7,1477,3,1,9.7,9.7,9.7),(166,7,1220,2,1,9.5,9.5,9.5),(166,7,88,1,1,9.3,9.3,9.3),(166,7,796,1,1,9.3,9.3,9.3),(166,7,1158,0,1,9.3,9.3,9.3),(166,7,850,0,1,9.3,9.3,9.3),(166,7,612,2,1,9.3,9.3,9.3),(166,7,309,1,1,9.5,9.5,9.5),(166,7,762,1,1,9.5,9.5,9.5),(166,7,430,1,1,9.5,9.5,9.5),(166,7,1254,1,1,9.5,9.5,9.5),(166,7,1616,1,1,9.3,9.3,9.3),(166,7,1293,4,1,9.3,9.3,9.3),(166,7,241,3,1,9.3,9.3,9.3),(166,7,23,2,1,9.5,9.5,9.5),(105,7,631,1,1,9.1,9.1,9.1),(105,7,799,1,1,9.1,9.1,9.1),(57,7,341,0,1,8.7,8.7,8.7),(57,7,1543,1,1,8.7,8.7,8.7),(57,7,616,2,1,8.7,8.7,8.7),(57,7,839,1,1,8.7,8.7,8.7),(57,7,1090,1,1,8.7,8.7,8.7),(33,7,1187,1,1,8.9,8.9,8.9),(33,7,442,1,1,8.9,8.9,8.9),(33,7,309,1,1,8.9,8.9,8.9),(33,7,242,1,1,8.9,8.9,8.9),(33,7,204,0,1,8.9,8.9,8.9),(33,7,712,1,1,8.9,8.9,8.9),(33,7,1264,3,1,8.9,8.9,8.9),(44,7,951,1,1,9.7,9.7,9.7),(44,7,502,2,1,9.7,9.7,9.7),(44,7,1607,2,1,9.7,9.7,9.7),(44,7,1043,1,1,9.7,9.7,9.7),(44,7,1223,5,1,9.7,9.7,9.7),(2,7,1150,0,1,9.8,9.8,9.8),(2,7,1150,1,1,9.8,9.8,9.8),(2,7,1150,2,1,9.8,9.8,9.8),(2,7,1150,4,1,9.8,9.8,9.8),(75,7,796,1,1,8.8,8.8,8.8),(75,7,778,1,1,8.8,8.8,8.8),(75,7,762,1,1,8.8,8.8,8.8),(75,7,928,1,1,8.8,8.8,8.8),(55,7,309,1,1,9.1,9.1,9.1),(55,7,882,3,1,9.1,9.1,9.1),(55,7,204,0,1,9.1,9.1,9.1),(55,7,928,2,1,9.1,9.1,9.1),(69,7,430,3,1,8.7,8.7,8.7),(69,7,120,1,1,8.7,8.7,8.7),(69,7,1015,2,1,8.7,8.7,8.7),(69,7,712,2,1,8.7,8.7,8.7),(4,7,432,3,1,9.2,9.2,9.2),(4,7,644,1,1,8.9,8.9,8.9),(4,7,612,2,1,8.9,8.9,8.9),(4,7,1309,3,1,9.2,9.2,9.2),(4,7,882,3,1,8.9,8.9,8.9),(4,7,120,1,1,9,9,9),(4,7,1015,2,1,9,9,9),(4,7,1477,2,1,9.3,9.3,9.3),(145,7,309,1,1,8.7,8.7,8.7),(145,7,882,3,1,8.7,8.7,8.7),(145,7,928,2,1,8.7,8.7,8.7),(145,7,737,1,1,8.7,8.7,8.7),(144,7,416,2,1,9.4,9.4,9.4),(144,7,86,1,1,9.4,9.4,9.4),(144,7,494,2,1,9.4,9.4,9.4),(144,7,1215,1,1,9.4,9.4,9.4),(127,7,928,2,1,9.2,9.2,9.2),(99,7,796,1,1,9.1,9.1,9.1),(99,7,511,1,1,9.1,9.1,9.1),(99,7,799,1,1,9.1,9.1,9.1),(99,7,394,1,1,9.1,9.1,9.1),(100,7,1139,1,1,9,9,9),(100,7,73,1,1,9,9,9),(100,7,827,2,1,9,9,9),(100,7,1276,1,1,9,9,9),(100,7,728,3,1,9,9,9),(100,7,204,0,1,9,9,9),(95,7,823,1,1,8.8,8.8,8.8),(95,7,309,1,1,9,9,9),(95,7,902,1,1,8.8,8.8,8.8),(95,7,365,1,1,8.8,8.8,8.8),(95,7,655,1,1,8.8,8.8,8.8),(95,7,343,1,1,8.8,8.8,8.8),(95,7,1615,1,1,8.8,8.8,8.8),(95,7,1359,1,1,8.8,8.8,8.8),(95,7,1638,1,1,9,9,9),(95,7,360,1,1,9,9,9),(87,7,309,1,1,9.9,9.9,9.9),(87,7,430,7,1,9.9,9.9,9.9),(87,7,120,1,1,9.9,9.9,9.9),(87,7,926,5,1,9.9,9.9,9.9),(119,7,713,1,1,8.8,8.8,8.8),(119,7,385,1,1,8.8,8.8,8.8),(119,7,631,1,1,8.8,8.8,8.8),(119,7,1569,1,1,8.8,8.8,8.8),(139,7,669,0,1,8.6,8.6,8.6),(139,7,147,0,1,8.6,8.6,8.6),(139,7,628,0,1,8.6,8.6,8.6),(139,7,1105,1,1,9.3,9.3,9.3),(139,7,337,1,1,8.9,8.9,8.9),(139,7,1178,1,1,9,9,9),(139,7,1188,1,1,9,9,9),(139,7,1524,0,1,8.6,8.6,8.6),(139,7,1186,1,1,8.9,8.9,8.9),(139,7,956,1,1,8.9,8.9,8.9),(139,7,631,3,1,8.7,8.7,8.7),(139,7,1269,1,1,9.3,9.3,9.3),(139,7,1315,1,1,8.6,8.6,8.6),(139,7,48,3,1,8.9,8.9,8.9),(139,7,110,1,1,8.9,8.9,8.9),(139,7,846,1,1,9.3,9.3,9.3),(139,7,1431,2,1,8.9,8.9,8.9),(139,7,879,1,1,9,9,9),(139,7,664,1,1,8.9,8.9,8.9),(139,7,842,3,1,8.4,8.4,8.4),(139,7,386,1,1,9.3,9.3,9.3),(139,7,933,1,1,8.6,8.6,8.6),(139,7,818,1,1,9.4,9.4,9.4),(139,7,1191,1,1,9.4,9.4,9.4),(139,7,83,1,1,9.4,9.4,9.4),(139,7,212,1,1,9.4,9.4,9.4),(139,7,1643,1,1,9.4,9.4,9.4),(139,7,1189,0,1,8.6,8.6,8.6),(139,7,572,0,1,8.6,8.6,8.6),(139,7,54,1,1,9.3,9.3,9.3),(139,7,712,1,1,8.7,8.7,8.7),(139,7,394,1,1,9,9,9),(139,7,443,1,1,9.4,9.4,9.4),(139,7,1313,1,1,9.4,9.4,9.4),(139,7,210,1,1,9.4,9.4,9.4),(139,7,967,1,1,8.4,8.4,8.4),(139,7,967,2,1,8.4,8.4,8.4),(139,7,1427,1,1,8.4,8.4,8.4),(139,7,1520,1,1,9.3,9.3,9.3),(139,7,928,2,1,8.7,8.7,8.7),(139,7,1477,2,1,8.6,8.6,8.6),(139,7,1632,1,1,8.6,8.6,8.6),(126,7,253,1,1,9.1,9.1,9.1),(126,7,547,2,1,9.1,9.1,9.1),(126,7,1273,1,1,9.1,9.1,9.1),(118,7,181,1,1,8.8,8.8,8.8),(118,7,973,4,1,8.8,8.8,8.8),(118,7,1477,2,1,8.8,8.8,8.8),(132,7,607,1,1,9.3,9.3,9.3),(132,7,893,1,1,9.3,9.3,9.3),(132,7,254,1,1,9.4,9.4,9.4),(132,7,773,4,1,9.4,9.4,9.4),(132,7,965,1,1,9.3,9.3,9.3),(132,7,555,1,1,9.3,9.3,9.3),(132,7,1034,1,1,9.3,9.3,9.3),(132,7,762,1,1,9,9,9),(132,7,943,1,1,9.3,9.3,9.3),(132,7,902,1,1,9.3,9.3,9.3),(132,7,631,3,1,9,9,9),(132,7,430,2,1,9.3,9.3,9.3),(132,7,720,2,1,9.3,9.3,9.3),(132,7,1236,1,1,9.3,9.3,9.3),(132,7,131,1,1,9.3,9.3,9.3),(132,7,74,1,1,9.3,9.3,9.3),(132,7,627,1,1,9.3,9.3,9.3),(132,7,120,1,1,8.4,8.4,8.4),(132,7,754,1,1,9.3,9.3,9.3),(132,7,712,1,1,8.4,8.4,8.4),(132,7,1169,1,1,9,9,9),(132,7,1393,1,1,9.3,9.3,9.3),(132,7,928,2,1,9.3,9.3,9.3),(132,7,89,1,1,9.4,9.4,9.4),(24,7,893,1,1,8.5,8.5,8.5),(24,7,663,1,1,8.5,8.5,8.5),(24,7,631,1,1,8.5,8.5,8.5),(24,7,720,3,1,9.7,9.7,9.7),(24,7,1307,2,1,9.7,9.7,9.7),(24,7,120,1,1,9.7,9.7,9.7),(24,7,1015,2,1,8.5,8.5,8.5),(24,7,1380,1,1,9.7,9.7,9.7),(24,7,1273,1,1,8.5,8.5,8.5),(2,11,25,4,1,9.8,9.8,9.8),(2,11,404,2,1,9.8,9.8,9.8),(2,11,796,2,1,9.4,9.4,9.4),(2,11,309,1,1,9.6,9.6,9.6),(2,11,309,2,1,9.6,9.6,9.6),(2,11,309,3,1,9.6,9.6,9.6),(2,11,309,4,1,9.6,9.6,9.6),(2,11,663,4,1,9.4,9.4,9.4),(2,11,762,1,1,9.7,9.7,9.7),(2,11,1421,3,1,9.8,9.8,9.8),(2,11,882,4,1,9.4,9.4,9.4),(2,11,204,0,1,9.6,9.6,9.6),(2,11,1150,3,1,9.8,9.8,9.8),(2,11,1150,4,1,9.8,9.8,9.8),(2,11,928,2,1,9.7,9.7,9.7),(4,11,1166,3,1,9,9,9),(4,11,641,2,1,9,9,9),(4,11,607,1,1,9,9,9),(4,11,1425,4,1,9,9,9),(4,11,778,1,1,9,9,9),(4,11,692,7,1,9,9,9),(4,11,965,5,1,9,9,9),(4,11,631,4,1,9.5,9.5,9.5),(4,11,882,3,1,9.5,9.5,9.5),(4,11,1150,5,1,9.5,9.5,9.5),(4,11,1150,6,1,9.5,9.5,9.5),(4,11,1150,7,1,9.5,9.5,9.5),(4,11,928,2,1,9.5,9.5,9.5),(144,11,139,5,1,8.5,8.5,8.5),(144,11,609,4,1,8.5,8.5,8.5),(144,11,1613,5,1,8.5,8.5,8.5),(144,11,1624,5,1,8.5,8.5,8.5),(144,11,897,5,1,8.5,8.5,8.5),(144,11,788,3,1,8.5,8.5,8.5),(144,11,1155,5,1,8.5,8.5,8.5),(162,11,624,4,1,8,8,8),(162,11,994,2,1,8,8,8),(162,11,1216,2,1,8,8,8),(162,11,1477,2,1,8,8,8),(162,11,755,4,1,8,8,8),(162,11,755,5,1,8,8,8),(50,11,120,1,1,9,9,9),(50,11,1150,0,1,9,9,9),(17,19,153,19,1,9.4,9.4,9.4),(17,19,676,1,1,9.4,9.4,9.4),(17,19,430,13,1,9.4,9.4,9.4),(17,19,498,3,1,9.4,9.4,9.4),(17,19,993,1,1,9.4,9.4,9.4),(17,19,1569,7,1,9.4,9.4,9.4),(17,19,1639,2,1,9.4,9.4,9.4),(17,19,755,3,1,9.4,9.4,9.4),(89,17,692,1,1,8,8,8),(89,17,902,1,1,8,8,8),(89,17,430,3,1,8,8,8),(89,17,720,1,1,8,8,8),(89,17,1177,1,1,8,8,8),(58,17,1373,3,1,8.1,8.1,8.1),(58,17,1170,3,1,8.7,8.7,8.7),(58,17,440,0,1,8.7,8.7,8.7),(58,17,447,1,1,8.1,8.1,8.1),(58,17,1548,1,1,8.7,8.7,8.7),(58,17,855,1,1,8.1,8.1,8.1),(58,17,755,4,1,8.7,8.7,8.7),(147,17,317,1,1,8.6,8.6,8.6),(147,17,1666,1,1,8.6,8.6,8.6),(147,17,1077,2,1,8.6,8.6,8.6),(147,17,1353,2,1,8.6,8.6,8.6),(60,17,75,1,1,8.3,8.3,8.3),(60,17,75,3,1,8.3,8.3,8.3),(60,17,1441,4,1,8.2,8.2,8.2),(60,17,37,5,1,8.2,8.2,8.2),(60,17,118,7,1,8.2,8.2,8.2),(60,17,1317,2,1,8.7,8.7,8.7),(60,17,317,1,1,8.7,8.7,8.7),(60,17,125,2,1,8.7,8.7,8.7),(60,17,246,4,1,8.7,8.7,8.7),(60,17,380,2,1,8.2,8.2,8.2),(60,17,380,3,1,8.2,8.2,8.2),(60,17,736,4,1,8.2,8.2,8.2),(60,17,1435,2,1,8.2,8.2,8.2),(60,17,1470,3,1,8.2,8.2,8.2),(60,17,1517,0,1,8.2,8.2,8.2),(60,17,1517,1,1,8.2,8.2,8.2),(60,17,1612,1,1,8.3,8.3,8.3),(60,17,1612,3,1,8.2,8.2,8.2),(60,17,1427,1,1,8.7,8.7,8.7),(60,17,886,4,1,8.7,8.7,8.7),(60,17,755,3,1,8.3,8.3,8.3),(60,17,755,4,1,8.2,8.2,8.2),(60,17,755,7,1,8.2,8.2,8.2),(18,17,1417,1,1,9.1,9.1,9.1),(18,17,1020,3,1,9.1,9.1,9.1),(18,17,745,1,1,9.1,9.1,9.1),(18,17,1149,1,1,8.6,8.6,8.6),(18,17,940,1,1,8.6,8.6,8.6),(18,17,637,3,1,8.6,8.6,8.6),(18,17,733,4,1,8.6,8.6,8.6),(4,17,624,4,1,9.8,9.8,9.8),(4,17,394,2,1,9.8,9.8,9.8),(39,17,1373,4,1,8.9,8.9,8.9),(144,17,1435,4,1,8.2,8.2,8.2),(144,17,1612,4,1,8.2,8.2,8.2),(144,17,1612,5,1,8.7,8.7,8.7),(144,17,755,3,1,8.7,8.7,8.7),(144,17,755,4,1,8.7,8.7,8.7),(38,17,1373,1,1,8.4,8.4,8.4),(38,17,1335,1,1,8.4,8.4,8.4),(38,17,317,1,1,8.4,8.4,8.4),(38,17,720,1,1,8.4,8.4,8.4),(38,17,842,3,1,8.4,8.4,8.4),(38,17,1636,3,1,8.4,8.4,8.4),(38,17,1074,1,1,8.4,8.4,8.4),(38,17,1270,5,1,8.4,8.4,8.4),(127,17,240,3,1,9.1,9.1,9.1),(127,17,380,2,1,9.1,9.1,9.1),(127,17,755,4,1,9.1,9.1,9.1),(167,17,1435,2,1,8.7,8.7,8.7),(139,17,1335,2,1,8.9,8.9,8.9),(139,17,1503,1,1,8.4,8.4,8.4),(139,17,902,2,1,8.4,8.4,8.4),(139,17,1384,7,1,9.1,9.1,9.1),(139,17,1507,4,1,8.4,8.4,8.4),(139,17,380,3,1,8.9,8.9,8.9),(139,17,1435,2,1,8.9,8.9,8.9),(139,17,1517,1,1,8.4,8.4,8.4),(139,17,1612,2,1,8.9,8.9,8.9),(139,17,595,6,1,8.4,8.4,8.4),(139,17,991,6,1,9.1,9.1,9.1),(139,17,718,5,1,9.1,9.1,9.1),(139,17,755,5,1,8.9,8.9,8.9),(139,17,1301,3,1,9.1,9.1,9.1),(139,17,656,3,1,9.1,9.1,9.1),(139,17,831,3,1,9.1,9.1,9.1),(132,17,1373,1,1,9.2,9.2,9.2),(132,17,75,1,1,9.2,9.2,9.2),(132,17,624,3,1,9.2,9.2,9.2),(60,8,660,0,1,9,9,9),(60,8,309,1,1,9,9,9),(60,8,631,5,1,9,9,9),(60,8,882,3,1,9,9,9),(60,8,204,0,1,9,9,9),(60,8,1427,1,1,9,9,9),(60,8,928,2,1,9,9,9),(121,8,1503,1,1,9,9,9),(121,8,1661,2,1,9,9,9),(121,8,1151,0,1,9,9,9),(121,8,1639,2,1,9,9,9),(60,1,306,1,1,8.8,8.8,8.8),(60,1,1508,1,1,8.8,8.8,8.8),(60,1,149,1,1,8.8,8.8,8.8),(151,1,75,7,1,9.4,9.4,9.4),(151,1,967,0,1,9.4,9.4,9.4),(151,1,967,1,1,9.4,9.4,9.4),(151,1,755,3,1,9.4,9.4,9.4),(151,1,753,5,1,9.4,9.4,9.4),(151,1,753,9,1,9.4,9.4,9.4),(151,1,753,10,1,9.4,9.4,9.4),(79,1,1574,1,1,9,9,9),(79,1,309,1,1,9,9,9),(79,1,1503,1,1,9,9,9),(79,1,1427,1,1,9,9,9),(79,1,755,3,1,9,9,9),(104,18,1203,1,1,9.5,9.5,9.5),(104,18,44,1,1,9.5,9.5,9.5),(104,18,1484,1,1,9.5,9.5,9.5),(104,18,1596,1,1,9.5,9.5,9.5),(104,18,1234,1,1,9.5,9.5,9.5),(104,18,180,3,1,9.5,9.5,9.5),(27,18,631,4,1,8.6,8.6,8.6),(27,18,631,5,1,8.1,8.1,8.1),(3,18,309,1,1,8.3,8.3,8.3),(3,18,1475,1,1,8.3,8.3,8.3),(3,18,828,1,1,8.3,8.3,8.3),(3,18,372,1,1,8.3,8.3,8.3),(3,18,1586,1,1,8.3,8.3,8.3),(3,18,292,1,1,8.3,8.3,8.3),(3,18,1505,1,1,8.3,8.3,8.3),(93,18,39,3,1,9.3,9.3,9.3),(93,18,668,1,1,9.3,9.3,9.3),(93,18,1162,1,1,9.3,9.3,9.3),(93,18,1033,3,1,9.3,9.3,9.3),(136,18,1295,1,1,8.6,8.6,8.6),(136,18,1181,1,1,8.6,8.6,8.6),(120,18,607,1,1,8.5,8.5,8.5),(120,18,356,1,1,8.5,8.5,8.5),(120,18,223,1,1,8.5,8.5,8.5),(120,18,309,1,1,8.5,8.5,8.5),(120,18,181,1,1,8.5,8.5,8.5),(120,18,1134,1,1,8.5,8.5,8.5),(120,18,659,9,1,8.5,8.5,8.5),(120,18,729,0,1,8.5,8.5,8.5),(120,18,967,4,1,8.5,8.5,8.5),(120,18,737,1,1,8.5,8.5,8.5),(147,18,25,1,1,9.3,9.3,9.3),(147,18,762,1,1,9.3,9.3,9.3),(147,18,475,3,1,9.3,9.3,9.3),(147,18,1379,1,1,9.3,9.3,9.3),(35,18,555,1,1,8.6,8.6,8.6),(35,18,181,1,1,8.6,8.6,8.6),(35,18,743,5,1,8.6,8.6,8.6),(35,18,498,3,1,8.6,8.6,8.6),(35,18,1159,0,1,8.6,8.6,8.6),(35,18,1477,2,1,8.6,8.6,8.6),(35,18,737,1,1,8.6,8.6,8.6),(68,18,382,1,1,9.4,9.4,9.4),(68,18,1082,1,1,9.4,9.4,9.4),(68,18,1620,2,1,8,8,8),(68,18,1161,2,1,9.4,9.4,9.4),(68,18,1243,1,1,9.4,9.4,9.4),(142,18,607,1,1,9.1,9.1,9.1),(142,18,607,3,1,9.3,9.3,9.3),(142,18,658,0,1,9.1,9.1,9.1),(142,18,404,2,1,9.3,9.3,9.3),(142,18,692,3,1,9.9,9.9,9.9),(142,18,1322,1,1,9,9,9),(142,18,973,3,1,9.1,9.1,9.1),(142,18,842,1,1,9.1,9.1,9.1),(142,18,1669,1,1,9.1,9.1,9.1),(142,18,975,1,1,9.1,9.1,9.1),(142,18,274,0,1,9.1,9.1,9.1),(142,18,931,1,1,9.1,9.1,9.1),(142,18,938,2,1,9.9,9.9,9.9),(142,18,1477,2,1,9.1,9.1,9.1),(142,18,350,2,1,9.9,9.9,9.9),(142,18,738,1,1,9.1,9.1,9.1),(138,18,796,1,1,9.1,9.1,9.1),(138,18,612,2,1,9.1,9.1,9.1),(138,18,309,1,1,9.1,9.1,9.1),(138,18,326,4,1,9.1,9.1,9.1),(138,18,28,3,1,9.5,9.5,9.5),(138,18,758,2,1,9.5,9.5,9.5),(138,18,392,1,1,9.5,9.5,9.5),(138,18,690,2,1,9.5,9.5,9.5),(138,18,1480,2,1,9.5,9.5,9.5),(138,18,289,3,1,9.5,9.5,9.5),(138,18,604,1,1,9.5,9.5,9.5),(83,18,1188,1,1,9.6,9.6,9.6),(83,18,796,1,1,9.7,9.7,9.7),(83,18,776,1,1,9.7,9.7,9.7),(83,18,1158,0,1,9.7,9.7,9.7),(83,18,965,1,1,9.6,9.6,9.6),(83,18,181,1,1,9.6,9.6,9.6),(83,18,66,1,1,9.7,9.7,9.7),(83,18,720,1,1,9.7,9.7,9.7),(83,18,120,1,1,9.7,9.7,9.7),(83,18,1559,0,1,9.7,9.7,9.7),(154,18,1572,1,1,9.3,9.3,9.3),(154,18,408,1,1,9.3,9.3,9.3),(154,18,536,4,1,9.3,9.3,9.3),(154,18,712,1,1,9.3,9.3,9.3),(154,18,795,2,1,9.3,9.3,9.3),(154,18,1546,1,1,9.3,9.3,9.3),(154,18,198,1,1,9.3,9.3,9.3),(21,18,612,2,1,8.5,8.5,8.5),(21,18,631,3,1,8.5,8.5,8.5),(21,18,1421,1,1,9.7,9.7,9.7),(21,18,842,1,1,8.5,8.5,8.5),(21,18,120,1,1,8.5,8.5,8.5),(21,18,90,1,1,9.7,9.7,9.7),(21,18,136,1,1,9.7,9.7,9.7),(21,18,1427,1,1,9.7,9.7,9.7),(21,18,737,1,1,9.7,9.7,9.7),(60,18,512,1,1,8.5,8.5,8.5),(60,18,821,2,1,9.1,9.1,9.1),(60,18,1176,1,1,9.5,9.5,9.5),(60,18,581,3,1,9.5,9.5,9.5),(60,18,1280,3,1,9.3,9.3,9.3),(60,18,1006,3,1,9.3,9.3,9.3),(60,18,1133,1,1,9.7,9.7,9.7),(60,18,587,1,1,9.3,9.3,9.3),(60,18,193,1,1,9.5,9.5,9.5),(60,18,1312,1,1,8,8,8),(60,18,272,1,1,9.4,9.4,9.4),(60,18,645,2,1,9.3,9.3,9.3),(60,18,338,2,1,9.5,9.5,9.5),(60,18,178,0,1,9.1,9.1,9.1),(60,18,178,1,1,9.6,9.6,9.6),(60,18,422,1,1,9.6,9.6,9.6),(60,18,422,2,1,9.2,9.2,9.2),(60,18,1166,3,1,9.2,9.2,9.2),(60,18,607,2,1,9.4,9.4,9.4),(60,18,404,1,1,8.7,8.7,8.7),(60,18,404,3,1,9.4,9.4,9.4),(60,18,1209,1,1,8.5,8.5,8.5),(60,18,35,1,1,9.8,9.8,9.8),(60,18,1425,3,1,8.6,8.6,8.6),(60,18,1125,1,1,9.4,9.4,9.4),(60,18,438,2,1,9.1,9.1,9.1),(60,18,889,1,1,9.1,9.1,9.1),(60,18,1056,1,1,8.6,8.6,8.6),(60,18,19,1,1,9.4,9.4,9.4),(60,18,692,4,1,9,9,9),(60,18,612,1,1,9.4,9.4,9.4),(60,18,965,1,1,9.4,9.4,9.4),(60,18,1214,1,1,8.9,8.9,8.9),(60,18,402,1,1,9.7,9.7,9.7),(60,18,554,3,1,8.9,8.9,8.9),(60,18,429,1,1,9.7,9.7,9.7),(60,18,14,1,1,9.4,9.4,9.4),(60,18,1296,1,1,9.7,9.7,9.7),(60,18,902,1,1,9.4,9.4,9.4),(60,18,902,2,1,9.6,9.6,9.6),(60,18,144,1,1,9.4,9.4,9.4),(60,18,359,4,1,9,9,9),(60,18,102,1,1,9.7,9.7,9.7),(60,18,475,3,1,8.5,8.5,8.5),(60,18,973,1,1,9.4,9.4,9.4),(60,18,430,1,1,9.7,9.7,9.7),(60,18,430,4,1,9.1,9.1,9.1),(60,18,466,10,1,9.5,9.5,9.5),(60,18,294,3,1,9.2,9.2,9.2),(60,18,245,1,1,9.1,9.1,9.1),(60,18,69,1,1,9.6,9.6,9.6),(60,18,720,3,1,9,9,9),(60,18,579,1,1,9.3,9.3,9.3),(60,18,1045,1,1,9.3,9.3,9.3),(60,18,969,2,1,9.3,9.3,9.3),(60,18,1141,1,1,8,8,8),(60,18,1221,1,1,9.5,9.5,9.5),(60,18,685,1,1,9.5,9.5,9.5),(60,18,1224,3,1,9.5,9.5,9.5),(60,18,1421,1,1,9.4,9.4,9.4),(60,18,230,1,1,9.5,9.5,9.5),(60,18,11,1,1,9.5,9.5,9.5),(60,18,1231,1,1,9.5,9.5,9.5),(60,18,505,1,1,9.4,9.4,9.4),(60,18,860,3,1,8.6,8.6,8.6),(60,18,1623,1,1,9.5,9.5,9.5),(60,18,979,1,1,9.7,9.7,9.7),(60,18,499,2,1,9.1,9.1,9.1),(60,18,688,1,1,8.6,8.6,8.6),(60,18,1211,1,1,8.6,8.6,8.6),(60,18,1388,1,1,8.6,8.6,8.6),(60,18,1304,1,1,8.6,8.6,8.6),(60,18,140,1,1,8.6,8.6,8.6),(60,18,412,1,1,8.6,8.6,8.6),(60,18,841,1,1,8.6,8.6,8.6),(60,18,961,1,1,8.6,8.6,8.6),(60,18,1025,1,1,8.6,8.6,8.6),(60,18,1635,2,1,9.1,9.1,9.1),(60,18,1515,1,1,9.5,9.5,9.5),(60,18,182,1,1,9.4,9.4,9.4),(60,18,842,1,1,9.6,9.6,9.6),(60,18,504,1,1,9.6,9.6,9.6),(60,18,225,1,1,9.2,9.2,9.2),(60,18,882,3,1,8.9,8.9,8.9),(60,18,433,4,1,8.9,8.9,8.9),(60,18,1669,1,1,9.2,9.2,9.2),(60,18,1476,1,1,9.7,9.7,9.7),(60,18,52,1,1,9.7,9.7,9.7),(60,18,810,1,1,9.3,9.3,9.3),(60,18,1429,1,1,9.4,9.4,9.4),(60,18,1636,1,1,8.5,8.5,8.5),(60,18,204,0,1,9.7,9.7,9.7),(60,18,506,0,1,8.9,8.9,8.9),(60,18,993,1,1,8.9,8.9,8.9),(60,18,799,1,1,8.9,8.9,8.9),(60,18,1526,1,1,9.4,9.4,9.4),(60,18,1662,3,1,9.2,9.2,9.2),(60,18,148,1,1,9.4,9.4,9.4),(60,18,1559,0,1,9.6,9.6,9.6),(60,18,651,4,1,8.9,8.9,8.9),(60,18,394,3,1,8.9,8.9,8.9),(60,18,1383,2,1,8.9,8.9,8.9),(60,18,1396,1,1,9.4,9.4,9.4),(60,18,90,2,1,8.8,8.8,8.8),(60,18,967,1,1,8.6,8.6,8.6),(60,18,111,1,1,8.5,8.5,8.5),(60,18,1223,3,1,9,9,9),(60,18,698,1,1,9.8,9.8,9.8),(60,18,1606,1,1,9.4,9.4,9.4),(60,18,23,2,1,8.9,8.9,8.9),(60,18,938,2,1,8.8,8.8,8.8),(60,18,811,1,1,9.4,9.4,9.4),(60,18,1138,3,1,9.3,9.3,9.3),(60,18,912,1,1,9.3,9.3,9.3),(60,18,1241,1,1,9.5,9.5,9.5),(60,18,970,2,1,9.5,9.5,9.5),(60,18,737,0,1,9,9,9),(60,18,1021,3,1,8.5,8.5,8.5),(60,18,742,1,1,9.5,9.5,9.5),(60,18,514,17,1,9,9,9),(60,18,167,3,1,9.3,9.3,9.3),(60,18,529,3,1,9.3,9.3,9.3),(60,18,753,7,1,8.6,8.6,8.6),(29,18,436,2,1,8.3,8.3,8.3),(29,18,976,1,1,8.3,8.3,8.3),(29,18,47,1,1,8.3,8.3,8.3),(29,18,901,1,1,8.3,8.3,8.3),(29,18,123,1,1,8.3,8.3,8.3),(29,18,368,1,1,8.3,8.3,8.3),(29,18,1462,1,1,9.3,9.3,9.3),(29,18,309,1,1,8.5,8.5,8.5),(29,18,400,12,1,8.6,8.6,8.6),(29,18,1421,2,1,9.4,9.4,9.4),(29,18,394,1,1,9.4,9.4,9.4),(29,18,13,2,1,8.3,8.3,8.3),(29,18,1422,2,1,8.3,8.3,8.3),(29,18,1092,2,1,8.3,8.3,8.3),(29,18,904,2,1,8.3,8.3,8.3),(29,18,1427,1,1,8.5,8.5,8.5),(29,18,928,2,1,8.5,8.5,8.5),(155,18,692,1,1,9.7,9.7,9.7),(155,18,749,1,1,9.7,9.7,9.7),(159,18,1084,2,1,8.6,8.6,8.6),(159,18,25,1,1,8.6,8.6,8.6),(159,18,893,1,1,9.1,9.1,9.1),(159,18,258,1,1,8.6,8.6,8.6),(159,18,1425,3,1,8.6,8.6,8.6),(159,18,1136,3,1,9.1,9.1,9.1),(159,18,120,1,1,9.1,9.1,9.1),(159,18,926,7,1,9.1,9.1,9.1),(159,18,840,2,1,9.1,9.1,9.1),(131,18,762,1,1,9.3,9.3,9.3),(131,18,720,1,1,9.3,9.3,9.3),(131,18,643,1,1,9.3,9.3,9.3),(131,18,1145,1,1,9.3,9.3,9.3),(112,18,1112,1,1,9.3,9.3,9.3),(112,18,967,1,1,9.3,9.3,9.3),(112,18,737,1,1,9.3,9.3,9.3),(18,18,1373,3,1,9,9,9),(18,18,508,2,1,9.2,9.2,9.2),(18,18,1178,1,1,8.7,8.7,8.7),(18,18,1659,1,1,9.4,9.4,9.4),(18,18,692,2,1,9.2,9.2,9.2),(18,18,346,1,1,8.7,8.7,8.7),(18,18,181,1,1,9.2,9.2,9.2),(18,18,1342,1,1,9.3,9.3,9.3),(18,18,631,6,1,8.5,8.5,8.5),(18,18,430,3,1,9.2,9.2,9.2),(18,18,720,2,1,8.5,8.5,8.5),(18,18,1046,5,1,8.7,8.7,8.7),(18,18,1046,6,1,8.7,8.7,8.7),(18,18,1497,3,1,8.7,8.7,8.7),(18,18,373,1,1,8.7,8.7,8.7),(18,18,72,1,1,8.7,8.7,8.7),(18,18,1379,1,1,9.2,9.2,9.2),(18,18,92,1,1,8.5,8.5,8.5),(18,18,1367,1,1,9,9,9),(18,18,993,1,1,9,9,9),(18,18,675,3,1,8.7,8.7,8.7),(18,18,675,4,1,8.7,8.7,8.7),(18,18,712,1,1,9.2,9.2,9.2),(18,18,1548,1,1,9.3,9.3,9.3),(18,18,954,3,1,8.7,8.7,8.7),(18,18,1427,1,1,8.5,8.5,8.5),(18,18,488,1,1,9,9,9),(18,18,1393,1,1,9.2,9.2,9.2),(18,18,278,1,1,8.7,8.7,8.7),(18,18,1181,1,1,9,9,9),(18,18,1044,1,1,8.7,8.7,8.7),(74,18,607,1,1,9.5,9.5,9.5),(74,18,950,1,1,9.5,9.5,9.5),(74,18,284,1,1,9.5,9.5,9.5),(74,18,1399,1,1,9.5,9.5,9.5),(74,18,1427,2,1,9.3,9.3,9.3),(74,18,753,9,1,9.5,9.5,9.5),(152,18,134,1,1,8.7,8.7,8.7),(152,18,1178,1,1,8.7,8.7,8.7),(152,18,1620,3,1,8.7,8.7,8.7),(152,18,1503,1,1,8.7,8.7,8.7),(152,18,1314,3,1,8.7,8.7,8.7),(152,18,1448,1,1,8.7,8.7,8.7),(61,18,1125,3,1,9.2,9.2,9.2),(61,18,1503,1,1,9.5,9.5,9.5),(61,18,1618,1,1,8.7,8.7,8.7),(61,18,631,3,1,9.2,9.2,9.2),(61,18,1218,1,1,9.2,9.2,9.2),(61,18,500,2,1,9.2,9.2,9.2),(61,18,662,1,1,8.7,8.7,8.7),(61,18,1569,1,1,8.7,8.7,8.7),(61,18,1168,1,1,8.7,8.7,8.7),(61,18,1589,1,1,9.2,9.2,9.2),(61,18,413,2,1,9.5,9.5,9.5),(61,18,1026,2,1,9.5,9.5,9.5),(61,18,1638,1,1,9.5,9.5,9.5),(5,18,1374,1,1,9.1,9.1,9.1),(5,18,995,1,1,9.1,9.1,9.1),(5,18,796,1,1,9.1,9.1,9.1),(5,18,692,3,1,9.5,9.5,9.5),(5,18,14,2,1,9.5,9.5,9.5),(5,18,720,2,1,9.5,9.5,9.5),(5,18,1569,2,1,9.5,9.5,9.5),(5,18,1015,1,1,9.1,9.1,9.1),(5,18,23,2,1,9.5,9.5,9.5),(5,18,1021,3,1,9.5,9.5,9.5),(124,18,120,1,1,9.3,9.3,9.3),(124,18,1015,2,1,9.3,9.3,9.3),(124,18,712,1,1,9.3,9.3,9.3),(70,18,607,1,1,10,10,10),(70,18,1503,1,1,10,10,10),(70,18,1112,1,1,10,10,10),(70,18,737,1,1,10,10,10),(166,18,1141,1,1,9.2,9.2,9.2),(166,18,498,3,1,9.2,9.2,9.2),(166,18,1177,7,1,9.2,9.2,9.2),(166,18,1477,2,1,9.2,9.2,9.2),(57,18,1285,3,1,9.1,9.1,9.1),(57,18,1489,1,1,9.1,9.1,9.1),(57,18,120,1,1,9.1,9.1,9.1),(57,18,1662,3,1,9.1,9.1,9.1),(57,18,1015,2,1,9.1,9.1,9.1),(57,18,1648,3,1,9.1,9.1,9.1),(77,18,309,1,1,9.4,9.4,9.4),(77,18,430,3,1,9.4,9.4,9.4),(77,18,394,1,1,9.4,9.4,9.4),(16,18,1374,1,1,8.7,8.7,8.7),(16,18,612,2,1,8.7,8.7,8.7),(16,18,309,1,1,9.1,9.1,9.1),(16,18,1192,1,1,8.7,8.7,8.7),(16,18,1427,1,1,8.7,8.7,8.7),(16,18,1043,1,1,9.1,9.1,9.1),(75,18,508,2,1,9.1,9.1,9.1),(75,18,1659,1,1,9.1,9.1,9.1),(75,18,309,1,1,9.1,9.1,9.1),(75,18,631,2,1,9.1,9.1,9.1),(75,18,394,5,1,9.1,9.1,9.1),(75,18,737,1,1,9.1,9.1,9.1),(117,18,422,2,1,8.1,8.1,8.1),(117,18,778,3,1,8.1,8.1,8.1),(117,18,506,0,1,8.1,8.1,8.1),(128,18,778,1,1,9.3,9.3,9.3),(128,18,1049,2,1,9.3,9.3,9.3),(128,18,144,1,1,9.3,9.3,9.3),(128,18,652,1,1,9.3,9.3,9.3),(128,18,1253,1,1,9.3,9.3,9.3),(128,18,696,1,1,9.3,9.3,9.3),(128,18,1223,1,1,9.3,9.3,9.3),(161,18,1446,1,1,8.8,8.8,8.8),(161,18,607,1,1,8.8,8.8,8.8),(161,18,1659,1,1,8.8,8.8,8.8),(161,18,1421,1,1,8.8,8.8,8.8),(161,18,1135,1,1,8.8,8.8,8.8),(54,18,309,1,1,8.6,8.6,8.6),(51,18,385,1,1,9.2,9.2,9.2),(51,18,430,1,1,9.2,9.2,9.2),(51,18,799,1,1,9.2,9.2,9.2),(51,18,1043,1,1,9.2,9.2,9.2),(51,18,928,2,1,9.2,9.2,9.2),(71,18,402,1,1,9,9,9),(71,18,1167,3,1,9,9,9),(71,18,498,3,1,9,9,9),(71,18,840,2,1,9,9,9),(71,18,1477,2,1,9,9,9),(127,18,1426,0,1,8.7,8.7,8.7),(127,18,1166,3,1,8.7,8.7,8.7),(127,18,1188,1,1,8.7,8.7,8.7),(127,18,555,1,1,8.7,8.7,8.7),(127,18,433,3,1,8.7,8.7,8.7),(127,18,1477,2,1,8.7,8.7,8.7),(127,18,273,2,1,8.7,8.7,8.7),(127,18,1638,1,1,8.7,8.7,8.7),(127,18,1179,1,1,8.7,8.7,8.7),(98,18,607,1,1,9.2,9.2,9.2),(98,18,309,1,1,9.2,9.2,9.2),(98,18,1104,5,1,9.2,9.2,9.2),(98,18,93,2,1,9.2,9.2,9.2),(30,18,1120,0,1,8.5,8.5,8.5),(30,18,1426,0,1,8.5,8.5,8.5),(30,18,965,1,1,8.5,8.5,8.5),(30,18,712,1,1,8.5,8.5,8.5),(95,18,762,1,1,9.3,9.3,9.3),(95,18,631,4,1,9.3,9.3,9.3),(95,18,179,3,1,9.3,9.3,9.3),(95,18,1177,4,1,9.3,9.3,9.3),(95,18,111,1,1,9.3,9.3,9.3),(95,18,928,2,1,9.3,9.3,9.3),(95,18,1252,2,1,9.3,9.3,9.3),(91,18,309,1,1,8.4,8.4,8.4),(91,18,882,3,1,8.4,8.4,8.4),(91,18,413,2,1,8.4,8.4,8.4),(160,18,430,3,1,9.2,9.2,9.2),(140,18,951,1,1,9.5,9.5,9.5),(140,18,1266,1,1,9.5,9.5,9.5),(140,18,1346,5,1,9.5,9.5,9.5),(140,18,31,4,1,9.5,9.5,9.5),(139,18,893,1,1,9.2,9.2,9.2),(139,18,692,1,1,9.2,9.2,9.2),(139,18,631,3,1,9.2,9.2,9.2),(139,18,394,1,1,9.2,9.2,9.2),(118,18,801,1,1,9,9,9),(118,18,245,1,1,9,9,9),(118,18,779,1,1,9,9,9),(118,18,1031,1,1,9,9,9),(118,18,868,1,1,9,9,9),(132,18,894,1,1,9.3,9.3,9.3),(132,18,1084,1,1,8.7,8.7,8.7),(132,18,1499,0,1,9.5,9.5,9.5),(132,18,1418,2,1,9.3,9.3,9.3),(132,18,29,4,1,9.2,9.2,9.2),(132,18,1432,3,1,9.2,9.2,9.2),(132,18,1335,5,1,9.2,9.2,9.2),(132,18,607,1,1,9.1,9.1,9.1),(132,18,1425,4,1,8.1,8.1,8.1),(132,18,1659,1,1,8.1,8.1,8.1),(132,18,317,3,1,9.2,9.2,9.2),(132,18,692,1,1,8.4,8.4,8.4),(132,18,1049,1,1,8.3,8.3,8.3),(132,18,129,1,1,8.7,8.7,8.7),(132,18,1342,1,1,8.7,8.7,8.7),(132,18,430,2,1,8,8,8),(132,18,1430,1,1,9.3,9.3,9.3),(132,18,400,4,1,8.7,8.7,8.7),(132,18,1281,2,1,9.3,9.3,9.3),(132,18,1039,1,1,9.3,9.3,9.3),(132,18,720,1,1,8.4,8.4,8.4),(132,18,720,2,1,8.3,8.3,8.3),(132,18,362,1,1,9.3,9.3,9.3),(132,18,1558,1,1,9.3,9.3,9.3),(132,18,1058,2,1,9.3,9.3,9.3),(132,18,1003,1,1,9.3,9.3,9.3),(132,18,1424,0,1,8.7,8.7,8.7),(132,18,993,0,1,8.7,8.7,8.7),(132,18,1559,0,1,8.9,8.9,8.9),(132,18,1015,2,1,8.9,8.9,8.9),(132,18,1548,2,1,8,8,8),(132,18,704,3,1,8.4,8.4,8.4),(132,18,1427,1,1,8.9,8.9,8.9),(132,18,698,1,1,8.3,8.3,8.3),(132,18,1168,2,1,8.4,8.4,8.4),(132,18,928,2,1,9.5,9.5,9.5),(132,18,273,3,1,8.7,8.7,8.7),(132,18,737,1,1,9.1,9.1,9.1),(104,9,624,5,1,8.5,8.5,8.5),(104,9,193,1,1,8.5,8.5,8.5),(104,9,1335,3,1,9.1,9.1,9.1),(104,9,607,1,1,9.1,9.1,9.1),(104,9,1659,1,1,9.1,9.1,9.1),(104,9,120,1,1,8.5,8.5,8.5),(158,9,1503,1,1,9.6,9.6,9.6),(158,9,1448,1,1,9.6,9.6,9.6),(150,9,607,1,1,9,9,9),(150,9,928,2,1,9,9,9),(150,9,1448,1,1,9,9,9),(60,9,712,1,1,8.1,8.1,8.1),(60,9,1104,1,1,8.1,8.1,8.1),(60,9,177,3,1,8.1,8.1,8.1),(159,9,25,1,1,9.5,9.5,9.5),(159,9,555,1,1,9.5,9.5,9.5),(159,9,1647,2,1,9.5,9.5,9.5),(159,9,1639,2,1,9.5,9.5,9.5),(18,9,1503,1,1,8.6,8.6,8.6),(18,9,951,1,1,8.6,8.6,8.6),(18,9,413,2,1,8.6,8.6,8.6),(18,9,1252,2,1,8.6,8.6,8.6),(124,9,928,3,1,9.7,9.7,9.7),(4,9,35,1,1,10,10,10),(4,9,1223,4,1,10,10,10),(4,9,1660,1,1,10,10,10),(4,9,16,3,1,10,10,10),(4,9,1150,5,1,10,10,10),(113,9,752,1,1,8.2,8.2,8.2),(144,9,555,1,1,8.5,8.5,8.5),(144,9,654,2,1,8.5,8.5,8.5),(144,9,1609,1,1,8.5,8.5,8.5),(144,9,402,1,1,8.5,8.5,8.5),(144,9,1147,2,1,8.5,8.5,8.5),(139,9,508,2,1,9.2,9.2,9.2),(139,9,1236,2,1,9.2,9.2,9.2),(139,9,120,1,1,9.2,9.2,9.2),(153,9,1469,0,1,10,10,10),(153,9,181,1,1,10,10,10),(153,9,128,1,1,10,10,10),(153,9,659,5,1,10,10,10),(60,14,836,5,1,8.7,8.7,8.7),(60,14,147,0,1,8.7,8.7,8.7),(60,14,820,0,1,9,9,9),(60,14,309,1,1,8.7,8.7,8.7),(60,14,882,3,1,8.7,8.7,8.7),(60,14,575,0,1,9,9,9),(60,14,1172,0,1,8.7,8.7,8.7),(60,14,572,0,1,8.7,8.7,8.7),(60,14,928,2,1,8.7,8.7,8.7),(18,14,309,1,1,9.4,9.4,9.4),(18,14,353,2,1,9.4,9.4,9.4),(18,14,1535,2,1,9.4,9.4,9.4),(18,14,966,1,1,9.4,9.4,9.4),(18,14,659,3,1,9,9,9),(18,14,1307,1,1,9.4,9.4,9.4),(18,14,1172,0,1,9.4,9.4,9.4),(18,14,120,1,1,9,9,9),(18,14,928,2,1,9.4,9.4,9.4),(18,14,1199,2,1,9.4,9.4,9.4),(18,14,737,1,1,9.4,9.4,9.4),(18,14,964,1,1,9.4,9.4,9.4),(5,14,94,3,1,9.4,9.4,9.4),(5,14,607,1,1,9.4,9.4,9.4),(5,14,832,3,1,9.4,9.4,9.4),(5,14,612,2,1,9.4,9.4,9.4),(5,14,965,1,1,9.4,9.4,9.4),(5,14,353,2,1,9.4,9.4,9.4),(4,14,181,1,1,9.8,9.8,9.8),(4,14,498,3,1,9.8,9.8,9.8),(4,14,1159,0,1,9.8,9.8,9.8),(4,14,1150,1,1,9.8,9.8,9.8),(4,14,1477,2,1,9.8,9.8,9.8),(4,14,1179,1,1,9.8,9.8,9.8),(144,14,752,2,1,9.4,9.4,9.4),(144,14,660,0,1,9.4,9.4,9.4),(144,14,1120,0,1,9.4,9.4,9.4),(144,14,1426,0,1,9.4,9.4,9.4),(144,14,147,0,1,9.4,9.4,9.4),(144,14,309,1,1,9.4,9.4,9.4),(144,14,762,1,1,9.4,9.4,9.4),(144,14,120,1,1,9.4,9.4,9.4),(144,14,712,1,1,9.4,9.4,9.4),(144,14,737,1,1,9.4,9.4,9.4),(144,14,755,3,1,9.4,9.4,9.4),(127,14,243,0,1,9.2,9.2,9.2),(127,14,193,1,1,9.2,9.2,9.2),(127,14,1469,0,1,9.2,9.2,9.2),(127,14,1559,0,1,9.5,9.5,9.5),(127,14,1181,1,1,9.2,9.2,9.2),(165,14,1120,0,1,9.6,9.6,9.6),(165,14,638,1,1,9.6,9.6,9.6),(165,14,9,1,1,9.6,9.6,9.6),(165,14,1178,1,1,9.6,9.6,9.6),(165,14,1559,0,1,9.6,9.6,9.6),(30,14,1120,0,1,8.7,8.7,8.7),(30,14,951,1,1,8.7,8.7,8.7),(30,14,181,1,1,8.7,8.7,8.7),(30,14,964,0,1,8.7,8.7,8.7),(126,14,1426,0,1,8.2,8.2,8.2),(126,14,147,0,1,8.2,8.2,8.2),(126,14,1188,1,1,8.2,8.2,8.2),(126,14,993,1,1,8.2,8.2,8.2),(132,14,430,1,1,8.9,8.9,8.9),(132,14,430,2,1,8.9,8.9,8.9),(132,14,1487,1,1,8.9,8.9,8.9),(132,14,1393,1,1,8.9,8.9,8.9),(132,14,928,1,1,8.9,8.9,8.9),(132,14,755,3,1,8.9,8.9,8.9),(0,16,309,1,1,8.5,8.5,8.5),(0,16,430,3,1,8.5,8.5,8.5),(0,16,882,3,1,8.5,8.5,8.5),(0,16,204,0,1,8.5,8.5,8.5),(0,16,928,2,1,8.5,8.5,8.5),(7,16,329,1,1,8.4,8.4,8.4),(7,16,1538,1,1,8.4,8.4,8.4),(7,16,421,2,1,8.4,8.4,8.4),(7,16,190,2,1,8.4,8.4,8.4),(7,16,375,1,1,8.4,8.4,8.4),(7,16,543,3,1,8.4,8.4,8.4),(7,16,323,2,1,8.4,8.4,8.4),(7,16,1206,4,1,8.4,8.4,8.4),(104,16,1040,1,1,8.3,8.3,8.3),(104,16,607,1,1,8.1,8.1,8.1),(104,16,438,1,1,8.5,8.5,8.5),(104,16,1462,1,1,8.3,8.3,8.3),(104,16,720,1,1,8.3,8.3,8.3),(104,16,593,1,1,8.3,8.3,8.3),(104,16,120,1,1,8.1,8.1,8.1),(104,16,1559,0,1,8.1,8.1,8.1),(104,16,712,1,1,8.1,8.1,8.1),(104,16,1427,1,1,8.5,8.5,8.5),(104,16,168,1,1,8.3,8.3,8.3),(104,16,1132,0,1,8.5,8.5,8.5),(104,16,23,1,1,8.5,8.5,8.5),(104,16,938,2,1,8.5,8.5,8.5),(89,16,641,2,1,8.6,8.6,8.6),(89,16,607,1,1,8.6,8.6,8.6),(89,16,965,1,1,8.6,8.6,8.6),(89,16,309,1,1,8.6,8.6,8.6),(89,16,555,1,1,8.6,8.6,8.6),(89,16,631,3,1,8.6,8.6,8.6),(89,16,712,1,1,8.6,8.6,8.6),(89,16,394,1,1,8.6,8.6,8.6),(89,16,391,1,1,8.6,8.6,8.6),(41,16,692,4,1,8.6,8.6,8.6),(41,16,720,1,1,8.6,8.6,8.6),(41,16,90,2,1,8.6,8.6,8.6),(41,16,23,3,1,8.6,8.6,8.6),(1,16,607,1,1,9.2,9.2,9.2),(1,16,438,1,1,9.2,9.2,9.2),(1,16,1331,1,1,9.2,9.2,9.2),(1,16,902,1,1,9.2,9.2,9.2),(1,16,720,1,1,9.2,9.2,9.2),(1,16,1669,1,1,9.2,9.2,9.2),(1,16,1427,1,1,9.2,9.2,9.2),(1,16,1393,1,1,9.2,9.2,9.2),(8,16,382,1,1,9.1,9.1,9.1),(8,16,1425,1,1,9.1,9.1,9.1),(8,16,1334,1,1,9.1,9.1,9.1),(8,16,1375,1,1,9.1,9.1,9.1),(8,16,692,1,1,9.1,9.1,9.1),(8,16,194,1,1,9.1,9.1,9.1),(8,16,250,1,1,9.1,9.1,9.1),(8,16,1190,1,1,9.1,9.1,9.1),(8,16,1630,1,1,9.1,9.1,9.1),(8,16,1047,1,1,9.1,9.1,9.1),(8,16,809,1,1,9.1,9.1,9.1),(8,16,708,1,1,9.1,9.1,9.1),(8,16,431,1,1,9.1,9.1,9.1),(86,16,204,0,1,8.6,8.6,8.6),(86,16,120,1,1,8.6,8.6,8.6),(86,16,1668,1,1,8.6,8.6,8.6),(158,16,512,1,1,8.2,8.2,8.2),(158,16,665,1,1,8,8,8),(158,16,1491,1,1,8,8,8),(158,16,1333,1,1,8,8,8),(158,16,1335,2,1,8,8,8),(158,16,404,1,1,8.8,8.8,8.8),(158,16,893,1,1,8.2,8.2,8.2),(158,16,796,1,1,8.2,8.2,8.2),(158,16,777,1,1,8.8,8.8,8.8),(158,16,1659,1,1,8.1,8.1,8.1),(158,16,1158,0,1,8.2,8.2,8.2),(158,16,612,2,1,8.2,8.2,8.2),(158,16,965,1,1,8,8,8),(158,16,1298,1,1,8.2,8.2,8.2),(158,16,513,1,1,8.2,8.2,8.2),(158,16,329,1,1,8,8,8),(158,16,1107,1,1,8.1,8.1,8.1),(158,16,1041,2,1,8,8,8),(158,16,610,0,1,8.2,8.2,8.2),(158,16,902,1,1,8.2,8.2,8.2),(158,16,1538,1,1,8,8,8),(158,16,746,1,1,8.1,8.1,8.1),(158,16,1423,1,1,8.8,8.8,8.8),(158,16,366,1,1,8.1,8.1,8.1),(158,16,957,1,1,8.1,8.1,8.1),(158,16,586,1,1,8.8,8.8,8.8),(158,16,784,0,1,8.2,8.2,8.2),(158,16,838,1,1,8.8,8.8,8.8),(158,16,522,1,1,8.8,8.8,8.8),(158,16,1605,2,1,8.8,8.8,8.8),(158,16,1279,1,1,8.1,8.1,8.1),(158,16,1004,1,1,8.1,8.1,8.1),(158,16,782,1,1,8.1,8.1,8.1),(158,16,1669,1,1,8.2,8.2,8.2),(158,16,204,0,1,8.2,8.2,8.2),(158,16,120,1,1,8.1,8.1,8.1),(158,16,394,1,1,8,8,8),(158,16,244,1,1,8.1,8.1,8.1),(158,16,1067,1,1,8.1,8.1,8.1),(158,16,1316,1,1,8.1,8.1,8.1),(158,16,1168,1,1,8.1,8.1,8.1),(158,16,1632,1,1,8.2,8.2,8.2),(125,16,404,1,1,8.4,8.4,8.4),(125,16,902,3,1,8.4,8.4,8.4),(125,16,631,2,1,8.4,8.4,8.4),(125,16,720,2,1,8.4,8.4,8.4),(125,16,1427,1,1,8.4,8.4,8.4),(129,16,1659,1,1,8,8,8),(129,16,513,1,1,8.6,8.6,8.6),(129,16,902,1,1,8,8,8),(129,16,932,1,1,8,8,8),(129,16,720,1,1,8.6,8.6,8.6),(129,16,842,1,1,8,8,8),(129,16,120,1,1,8.6,8.6,8.6),(129,16,394,1,1,8.6,8.6,8.6),(109,16,607,1,1,8.1,8.1,8.1),(109,16,1158,0,1,8.1,8.1,8.1),(109,16,1603,0,1,8.1,8.1,8.1),(109,16,1309,3,1,8.1,8.1,8.1),(109,16,253,0,1,8.1,8.1,8.1),(109,16,253,1,1,8.1,8.1,8.1),(109,16,784,0,1,8.1,8.1,8.1),(109,16,1428,1,1,8.1,8.1,8.1),(109,16,489,0,1,8.1,8.1,8.1),(109,16,1324,1,1,8.1,8.1,8.1),(109,16,1442,1,1,8.1,8.1,8.1),(109,16,283,0,1,8.1,8.1,8.1),(109,16,394,1,1,8,8,8),(109,16,698,1,1,8,8,8),(109,16,1393,1,1,8,8,8),(111,16,1462,1,1,8,8,8),(111,16,692,2,1,8,8,8),(111,16,1041,1,1,8,8,8),(111,16,631,3,1,8,8,8),(111,16,430,1,1,8,8,8),(111,16,1427,1,1,8,8,8),(111,16,698,1,1,8,8,8),(111,16,1132,0,1,8,8,8),(58,16,796,1,1,8.2,8.2,8.2),(58,16,309,1,1,8,8,8),(58,16,1046,1,1,8.2,8.2,8.2),(58,16,253,3,1,8.4,8.4,8.4),(58,16,214,1,1,8.4,8.4,8.4),(58,16,842,2,1,8.2,8.2,8.2),(58,16,204,0,1,8,8,8),(58,16,326,4,1,8,8,8),(58,16,447,2,1,8.1,8.1,8.1),(58,16,394,2,1,8,8,8),(58,16,156,1,1,8.2,8.2,8.2),(58,16,1168,1,1,8.4,8.4,8.4),(58,16,91,1,1,8.4,8.4,8.4),(58,16,1481,2,1,8.1,8.1,8.1),(58,16,928,2,1,8,8,8),(58,16,737,1,1,8,8,8),(78,16,1308,1,1,8.2,8.2,8.2),(78,16,563,2,1,8.2,8.2,8.2),(78,16,1397,0,1,8.2,8.2,8.2),(78,16,737,1,1,8.2,8.2,8.2),(15,16,692,2,1,8.8,8.8,8.8),(15,16,874,1,1,8.8,8.8,8.8),(15,16,720,1,1,8.8,8.8,8.8),(15,16,593,2,1,8.8,8.8,8.8),(15,16,23,1,1,8.8,8.8,8.8),(90,16,438,2,1,8.2,8.2,8.2),(90,16,692,1,1,8.2,8.2,8.2),(90,16,902,2,1,8.2,8.2,8.2),(90,16,1637,3,1,8.2,8.2,8.2),(49,16,692,1,1,8,8,8),(49,16,309,1,1,8,8,8),(49,16,532,1,1,8,8,8),(49,16,737,1,1,8,8,8),(81,16,1049,1,1,8.1,8.1,8.1),(81,16,204,0,1,8.1,8.1,8.1),(81,16,1216,2,1,8.1,8.1,8.1),(81,16,1638,1,1,8.1,8.1,8.1),(147,16,430,4,1,7.9,7.9,7.9),(147,16,720,1,1,7.9,7.9,7.9),(147,16,720,3,1,8.2,8.2,8.2),(147,16,1015,2,1,8.2,8.2,8.2),(147,16,1427,0,1,8.2,8.2,8.2),(147,16,1380,1,1,8.2,8.2,8.2),(6,16,1503,1,1,8.4,8.4,8.4),(6,16,430,4,1,8.4,8.4,8.4),(6,16,822,3,1,8.4,8.4,8.4),(6,16,1236,1,1,8.4,8.4,8.4),(6,16,842,3,1,8.4,8.4,8.4),(6,16,162,2,1,8.4,8.4,8.4),(6,16,1419,3,1,8.4,8.4,8.4),(6,16,967,1,1,8.4,8.4,8.4),(6,16,136,2,1,8.4,8.4,8.4),(6,16,1177,1,1,8.4,8.4,8.4),(6,16,23,2,1,8.4,8.4,8.4),(142,16,512,1,1,9.2,9.2,9.2),(142,16,178,1,1,9.2,9.2,9.2),(142,16,922,1,1,8.3,8.3,8.3),(142,16,796,1,1,8.1,8.1,8.1),(142,16,1464,1,1,8.4,8.4,8.4),(142,16,944,1,1,8.4,8.4,8.4),(142,16,1153,1,1,8.4,8.4,8.4),(142,16,1050,1,1,8.4,8.4,8.4),(142,16,1158,0,1,8.3,8.3,8.3),(142,16,692,1,1,9.2,9.2,9.2),(142,16,657,2,1,8.4,8.4,8.4),(142,16,430,1,1,8.3,8.3,8.3),(142,16,1352,2,1,8.4,8.4,8.4),(142,16,288,1,1,9.2,9.2,9.2),(142,16,1483,2,1,8.4,8.4,8.4),(142,16,539,1,1,8.3,8.3,8.3),(142,16,1669,1,1,9.2,9.2,9.2),(142,16,1669,3,1,8.3,8.3,8.3),(142,16,204,0,1,8.1,8.1,8.1),(142,16,120,1,1,8.3,8.3,8.3),(142,16,1559,0,1,8.3,8.3,8.3),(142,16,1383,2,1,9.2,9.2,9.2),(142,16,1177,1,1,9.2,9.2,9.2),(142,16,928,2,1,8.1,8.1,8.1),(94,16,14,1,1,8.4,8.4,8.4),(94,16,1046,1,1,8.4,8.4,8.4),(94,16,819,1,1,8.4,8.4,8.4),(94,16,120,1,1,8.4,8.4,8.4),(94,16,712,1,1,8.4,8.4,8.4),(60,16,1502,1,1,8.9,8.9,8.9),(60,16,258,1,1,8,8,8),(60,16,796,2,1,8.7,8.7,8.7),(60,16,1125,5,1,9.2,9.2,9.2),(60,16,438,1,1,8.9,8.9,8.9),(60,16,568,1,1,8.4,8.4,8.4),(60,16,843,1,1,8.4,8.4,8.4),(60,16,692,2,1,9,9,9),(60,16,612,2,1,9.2,9.2,9.2),(60,16,1182,2,1,8.2,8.2,8.2),(60,16,520,0,1,8.2,8.2,8.2),(60,16,127,0,1,8.2,8.2,8.2),(60,16,1320,0,1,8.2,8.2,8.2),(60,16,1308,1,1,8.2,8.2,8.2),(60,16,1213,1,1,8.2,8.2,8.2),(60,16,1503,1,1,9,9,9),(60,16,1503,3,1,9,9,9),(60,16,1228,1,1,9,9,9),(60,16,794,1,1,9,9,9),(60,16,951,2,1,8.2,8.2,8.2),(60,16,181,1,1,8.1,8.1,8.1),(60,16,1342,1,1,8.1,8.1,8.1),(60,16,762,1,1,9.2,9.2,9.2),(60,16,892,1,1,8.1,8.1,8.1),(60,16,146,0,1,8.2,8.2,8.2),(60,16,1272,0,1,8.2,8.2,8.2),(60,16,1461,1,1,8.2,8.2,8.2),(60,16,677,1,1,8.2,8.2,8.2),(60,16,133,1,1,8.2,8.2,8.2),(60,16,1232,2,1,8.2,8.2,8.2),(60,16,611,2,1,8.2,8.2,8.2),(60,16,1322,1,1,8.4,8.4,8.4),(60,16,902,2,1,8.7,8.7,8.7),(60,16,1143,2,1,9.3,9.3,9.3),(60,16,631,1,1,8.8,8.8,8.8),(60,16,830,1,1,8,8,8),(60,16,1051,1,1,8.8,8.8,8.8),(60,16,318,1,1,8.8,8.8,8.8),(60,16,95,2,1,8.8,8.8,8.8),(60,16,1409,2,1,8.8,8.8,8.8),(60,16,1136,2,1,8.7,8.7,8.7),(60,16,475,1,1,8.4,8.4,8.4),(60,16,1628,1,1,8.4,8.4,8.4),(60,16,1438,3,1,9.2,9.2,9.2),(60,16,430,1,1,8.8,8.8,8.8),(60,16,430,2,1,8.9,8.9,8.9),(60,16,1395,1,1,8.8,8.8,8.8),(60,16,18,1,1,8.8,8.8,8.8),(60,16,930,2,1,8.8,8.8,8.8),(60,16,771,1,1,9.1,9.1,9.1),(60,16,400,17,1,9.5,9.5,9.5),(60,16,747,3,1,8.3,8.3,8.3),(60,16,883,3,1,8.3,8.3,8.3),(60,16,822,1,1,9.2,9.2,9.2),(60,16,1046,1,1,9,9,9),(60,16,819,2,1,9,9,9),(60,16,672,1,1,8.3,8.3,8.3),(60,16,1086,1,1,8.3,8.3,8.3),(60,16,878,1,1,8.4,8.4,8.4),(60,16,1650,1,1,8.4,8.4,8.4),(60,16,463,1,1,9.2,9.2,9.2),(60,16,879,1,1,9,9,9),(60,16,1408,5,1,9.2,9.2,9.2),(60,16,1381,1,1,9.1,9.1,9.1),(60,16,726,3,1,9.2,9.2,9.2),(60,16,182,3,1,9,9,9),(60,16,424,1,1,9.2,9.2,9.2),(60,16,750,1,1,9.2,9.2,9.2),(60,16,369,4,1,9,9,9),(60,16,1163,3,1,9.2,9.2,9.2),(60,16,70,2,1,8.3,8.3,8.3),(60,16,1144,2,1,8.3,8.3,8.3),(60,16,749,1,1,9.2,9.2,9.2),(60,16,842,2,1,8.1,8.1,8.1),(60,16,978,5,1,8.3,8.3,8.3),(60,16,593,1,1,9,9,9),(60,16,1637,3,1,9,9,9),(60,16,361,3,1,8.1,8.1,8.1),(60,16,1669,1,1,9,9,9),(60,16,1669,2,1,8.1,8.1,8.1),(60,16,1587,3,1,8.5,8.5,8.5),(60,16,1302,1,1,8.5,8.5,8.5),(60,16,204,0,1,8.3,8.3,8.3),(60,16,564,0,1,9.2,9.2,9.2),(60,16,1533,1,1,9.1,9.1,9.1),(60,16,1435,4,1,8.4,8.4,8.4),(60,16,780,1,1,8.5,8.5,8.5),(60,16,160,2,1,8.7,8.7,8.7),(60,16,269,4,1,9,9,9),(60,16,99,1,1,8.8,8.8,8.8),(60,16,410,1,1,8.8,8.8,8.8),(60,16,1559,0,1,8.1,8.1,8.1),(60,16,1569,3,1,9,9,9),(60,16,1015,2,1,8.1,8.1,8.1),(60,16,394,0,1,8.6,8.6,8.6),(60,16,394,2,1,8.6,8.6,8.6),(60,16,1467,0,1,8.2,8.2,8.2),(60,16,1512,0,1,8.2,8.2,8.2),(60,16,1106,1,1,8.2,8.2,8.2),(60,16,1532,1,1,8.2,8.2,8.2),(60,16,145,2,1,8.2,8.2,8.2),(60,16,1383,2,1,8.2,8.2,8.2),(60,16,1339,4,1,8.3,8.3,8.3),(60,16,1229,1,1,9,9,9),(60,16,1126,1,1,9,9,9),(60,16,179,1,1,9.2,9.2,9.2),(60,16,136,2,1,9,9,9),(60,16,1000,1,1,9.2,9.2,9.2),(60,16,43,1,1,9.1,9.1,9.1),(60,16,1612,4,1,8.4,8.4,8.4),(60,16,1427,0,1,8.6,8.6,8.6),(60,16,525,1,1,8.6,8.6,8.6),(60,16,1380,1,1,8.4,8.4,8.4),(60,16,224,2,1,8.3,8.3,8.3),(60,16,907,2,1,8.3,8.3,8.3),(60,16,23,2,1,9.2,9.2,9.2),(60,16,926,5,1,9.2,9.2,9.2),(60,16,1364,2,1,9.2,9.2,9.2),(60,16,1311,2,1,8.3,8.3,8.3),(60,16,1181,1,1,8.1,8.1,8.1),(60,16,1072,3,1,9.2,9.2,9.2),(60,16,1021,3,1,9.2,9.2,9.2),(60,16,192,3,1,8.5,8.5,8.5),(60,16,945,5,1,9.2,9.2,9.2),(60,16,753,5,1,8.9,8.9,8.9),(60,16,1413,7,1,9.2,9.2,9.2),(46,16,309,1,1,8.7,8.7,8.7),(46,16,1136,3,1,8.7,8.7,8.7),(46,16,481,0,1,8.7,8.7,8.7),(46,16,928,2,1,8.7,8.7,8.7),(23,16,1056,1,1,9,9,9),(23,16,692,1,1,9,9,9),(23,16,1503,1,1,9,9,9),(23,16,918,0,1,9,9,9),(23,16,1519,3,1,9,9,9),(23,16,394,1,1,9,9,9),(23,16,1427,1,1,9,9,9),(112,16,25,1,1,9,9,9),(112,16,796,2,1,9,9,9),(112,16,309,1,1,9,9,9),(112,16,1609,1,1,9,9,9),(112,16,430,3,1,9,9,9),(112,16,506,0,1,9,9,9),(42,16,33,1,1,8.2,8.2,8.2),(42,16,871,1,1,8.2,8.2,8.2),(42,16,1607,1,1,8.2,8.2,8.2),(42,16,120,1,1,8.2,8.2,8.2),(42,16,1617,1,1,8.2,8.2,8.2),(42,16,594,1,1,8.2,8.2,8.2),(42,16,1403,1,1,8.2,8.2,8.2),(18,16,981,1,1,8.4,8.4,8.4),(18,16,178,1,1,9.1,9.1,9.1),(18,16,1362,1,1,8.4,8.4,8.4),(18,16,187,1,1,8.4,8.4,8.4),(18,16,805,1,1,8.4,8.4,8.4),(18,16,438,2,1,9.5,9.5,9.5),(18,16,1288,2,1,9.2,9.2,9.2),(18,16,1620,3,1,9.5,9.5,9.5),(18,16,965,1,1,8.4,8.4,8.4),(18,16,112,1,1,8.4,8.4,8.4),(18,16,351,1,1,8.4,8.4,8.4),(18,16,201,1,1,8.4,8.4,8.4),(18,16,1225,3,1,8.4,8.4,8.4),(18,16,318,1,1,8.4,8.4,8.4),(18,16,774,2,1,8.4,8.4,8.4),(18,16,430,4,1,9.1,9.1,9.1),(18,16,793,3,1,8.8,8.8,8.8),(18,16,1447,7,1,8.8,8.8,8.8),(18,16,1540,3,1,8.9,8.9,8.9),(18,16,879,3,1,8.9,8.9,8.9),(18,16,293,3,1,8.4,8.4,8.4),(18,16,842,2,1,8.4,8.4,8.4),(18,16,373,1,1,8.9,8.9,8.9),(18,16,1154,3,1,8.9,8.9,8.9),(18,16,1657,1,1,8.9,8.9,8.9),(18,16,1671,1,1,8.9,8.9,8.9),(18,16,1559,0,1,8.5,8.5,8.5),(18,16,1015,2,1,8.7,8.7,8.7),(18,16,394,1,1,9.1,9.1,9.1),(18,16,967,3,1,9.5,9.5,9.5),(18,16,1427,0,1,9.2,9.2,9.2),(18,16,419,1,1,9.5,9.5,9.5),(18,16,1223,4,1,8.5,8.5,8.5),(18,16,1168,2,1,8.9,8.9,8.9),(18,16,1393,1,1,9.5,9.5,9.5),(18,16,537,5,1,8.8,8.8,8.8),(18,16,61,1,1,8.9,8.9,8.9),(18,16,415,1,1,8.9,8.9,8.9),(18,16,737,1,1,8.4,8.4,8.4),(18,16,1632,1,1,8.5,8.5,8.5),(18,16,514,9,1,8.8,8.8,8.8),(18,16,1044,3,1,8.9,8.9,8.9),(114,16,309,1,1,8.6,8.6,8.6),(114,16,120,1,1,8.6,8.6,8.6),(114,16,928,1,1,8.6,8.6,8.6),(114,16,737,1,1,8.6,8.6,8.6),(61,16,607,1,1,8.4,8.4,8.4),(61,16,612,2,1,8.4,8.4,8.4),(61,16,842,1,1,8.4,8.4,8.4),(61,16,204,0,1,8.3,8.3,8.3),(61,16,120,1,1,8.3,8.3,8.3),(61,16,394,1,1,8.3,8.3,8.3),(61,16,955,1,1,8.4,8.4,8.4),(61,16,721,2,1,8.4,8.4,8.4),(61,16,96,1,1,8.4,8.4,8.4),(61,16,737,1,1,8.3,8.3,8.3),(5,16,1166,3,1,9.5,9.5,9.5),(5,16,1188,1,1,9.4,9.4,9.4),(5,16,796,1,1,9.5,9.5,9.5),(5,16,309,1,1,9,9,9),(5,16,1160,1,1,9.4,9.4,9.4),(5,16,1503,1,1,8.6,8.6,8.6),(5,16,1503,2,1,9,9,9),(5,16,762,1,1,8.6,8.6,8.6),(5,16,1609,1,1,9.7,9.7,9.7),(5,16,631,3,1,8.6,8.6,8.6),(5,16,475,2,1,9.3,9.3,9.3),(5,16,66,1,1,9.7,9.7,9.7),(5,16,1253,3,1,9.4,9.4,9.4),(5,16,686,4,1,9.7,9.7,9.7),(5,16,1526,1,1,9,9,9),(5,16,1662,3,1,9.3,9.3,9.3),(5,16,1087,0,1,9.4,9.4,9.4),(5,16,1015,2,1,9.3,9.3,9.3),(5,16,967,4,1,9.3,9.3,9.3),(5,16,136,3,1,9.4,9.4,9.4),(5,16,1011,1,1,9,9,9),(5,16,1223,6,1,9.5,9.5,9.5),(5,16,928,2,1,8.6,8.6,8.6),(5,16,1639,2,1,9.4,9.4,9.4),(5,16,1252,2,1,9.4,9.4,9.4),(5,16,1448,1,1,9.3,9.3,9.3),(105,16,508,2,1,9.5,9.5,9.5),(105,16,910,1,1,9.5,9.5,9.5),(105,16,1659,2,1,8.5,8.5,8.5),(105,16,1609,1,1,9.5,9.5,9.5),(105,16,475,5,1,9.5,9.5,9.5),(105,16,860,5,1,8.5,8.5,8.5),(105,16,500,2,1,8.5,8.5,8.5),(105,16,882,3,1,9.5,9.5,9.5),(105,16,1167,3,1,9.5,9.5,9.5),(105,16,1676,0,1,9.5,9.5,9.5),(105,16,840,2,1,9.5,9.5,9.5),(57,16,796,1,1,8.7,8.7,8.7),(57,16,720,1,1,8.7,8.7,8.7),(57,16,380,1,1,8.7,8.7,8.7),(57,16,120,1,1,8.7,8.7,8.7),(33,16,1335,3,1,8.1,8.1,8.1),(33,16,607,1,1,8.1,8.1,8.1),(33,16,1386,0,1,8.1,8.1,8.1),(33,16,394,2,1,8.1,8.1,8.1),(64,16,25,1,1,8.9,8.9,8.9),(64,16,1312,1,1,8.9,8.9,8.9),(64,16,607,1,1,8.9,8.9,8.9),(64,16,832,3,1,8.9,8.9,8.9),(64,16,612,2,1,8.9,8.9,8.9),(2,16,25,1,1,8.2,8.2,8.2),(2,16,1358,10,1,8.2,8.2,8.2),(2,16,832,1,1,8.2,8.2,8.2),(2,16,1177,1,1,8.2,8.2,8.2),(47,16,607,1,1,8.4,8.4,8.4),(47,16,692,1,1,8.4,8.4,8.4),(47,16,1132,0,1,8.4,8.4,8.4),(4,16,1223,4,1,9.7,9.7,9.7),(4,16,1150,3,1,9.7,9.7,9.7),(4,16,158,1,1,9.7,9.7,9.7),(4,16,1008,2,1,9.7,9.7,9.7),(145,16,641,2,1,8.9,8.9,8.9),(145,16,438,1,1,8.9,8.9,8.9),(145,16,204,0,1,8.9,8.9,8.9),(145,16,23,3,1,8.9,8.9,8.9),(145,16,737,1,1,8.9,8.9,8.9),(128,16,1283,3,1,8.9,8.9,8.9),(128,16,1633,3,1,8.9,8.9,8.9),(128,16,106,1,1,8.9,8.9,8.9),(128,16,1294,1,1,8.9,8.9,8.9),(128,16,469,1,1,8.9,8.9,8.9),(128,16,1503,1,1,8.9,8.9,8.9),(128,16,344,3,1,8.9,8.9,8.9),(20,16,762,1,1,8.7,8.7,8.7),(20,16,882,3,1,8.7,8.7,8.7),(20,16,204,0,1,8.7,8.7,8.7),(14,16,1655,1,1,9.3,9.3,9.3),(14,16,309,1,1,9.3,9.3,9.3),(14,16,631,1,1,9.2,9.2,9.2),(14,16,720,1,1,9.2,9.2,9.2),(14,16,1669,1,1,9.2,9.2,9.2),(14,16,1159,0,1,9.3,9.3,9.3),(14,16,120,1,1,9.2,9.2,9.2),(14,16,1559,0,1,9.2,9.2,9.2),(14,16,712,1,1,9.2,9.2,9.2),(14,16,394,1,1,9.3,9.3,9.3),(14,16,1119,1,1,9.2,9.2,9.2),(116,16,745,3,1,8.4,8.4,8.4),(116,16,1620,1,1,8.4,8.4,8.4),(116,16,309,1,1,8.4,8.4,8.4),(116,16,755,3,1,8.4,8.4,8.4),(122,16,1659,3,1,8.5,8.5,8.5),(122,16,1620,1,1,9,9,9),(122,16,1147,1,1,8.2,8.2,8.2),(122,16,966,2,1,8.9,8.9,8.9),(122,16,1243,1,1,8.5,8.5,8.5),(122,16,204,0,1,8.2,8.2,8.2),(122,16,1379,1,1,9,9,9),(122,16,564,0,1,9,9,9),(122,16,1015,1,1,8.9,8.9,8.9),(122,16,1078,1,1,9,9,9),(122,16,1199,1,1,8.9,8.9,8.9),(144,16,510,2,1,8.5,8.5,8.5),(144,16,512,3,1,8.3,8.3,8.3),(144,16,25,1,1,8.2,8.2,8.2),(144,16,264,1,1,8.5,8.5,8.5),(144,16,1263,1,1,8.6,8.6,8.6),(144,16,1620,3,1,8.1,8.1,8.1),(144,16,114,2,1,8.2,8.2,8.2),(144,16,1308,1,1,8.2,8.2,8.2),(144,16,1116,1,1,8.3,8.3,8.3),(144,16,1503,2,1,8.3,8.3,8.3),(144,16,1049,2,1,8.3,8.3,8.3),(144,16,951,1,1,8.3,8.3,8.3),(144,16,1356,1,1,8.2,8.2,8.2),(144,16,1369,1,1,8.2,8.2,8.2),(144,16,762,1,1,8.3,8.3,8.3),(144,16,892,1,1,8.3,8.3,8.3),(144,16,247,1,1,8.3,8.3,8.3),(144,16,1344,1,1,8.2,8.2,8.2),(144,16,353,2,1,8.2,8.2,8.2),(144,16,151,1,1,8.6,8.6,8.6),(144,16,791,1,1,8.5,8.5,8.5),(144,16,157,1,1,8.6,8.6,8.6),(144,16,631,4,1,8.1,8.1,8.1),(144,16,1534,1,1,8.3,8.3,8.3),(144,16,502,1,1,8.6,8.6,8.6),(144,16,1541,1,1,8.5,8.5,8.5),(144,16,593,2,1,8.6,8.6,8.6),(144,16,1472,2,1,8.1,8.1,8.1),(144,16,1669,1,1,8.5,8.5,8.5),(144,16,387,0,1,8.3,8.3,8.3),(144,16,120,1,1,8.5,8.5,8.5),(144,16,326,3,1,8.3,8.3,8.3),(144,16,99,1,1,8.7,8.7,8.7),(144,16,447,1,1,8.5,8.5,8.5),(144,16,675,2,1,8.5,8.5,8.5),(144,16,1548,1,1,8.5,8.5,8.5),(144,16,349,0,1,8.5,8.5,8.5),(144,16,332,3,1,8.5,8.5,8.5),(144,16,1629,2,1,8.5,8.5,8.5),(144,16,1427,2,1,8.3,8.3,8.3),(144,16,413,2,1,8.3,8.3,8.3),(144,16,1252,2,1,8.3,8.3,8.3),(144,16,1199,2,1,8.3,8.3,8.3),(144,16,1370,2,1,8.2,8.2,8.2),(165,16,1064,1,1,8.2,8.2,8.2),(165,16,355,2,1,8.2,8.2,8.2),(165,16,87,2,1,8.2,8.2,8.2),(165,16,866,2,1,8.2,8.2,8.2),(165,16,1318,4,1,8.2,8.2,8.2),(30,16,1160,1,1,8.2,8.2,8.2),(30,16,720,2,1,8.3,8.3,8.3),(30,16,1083,2,1,8.3,8.3,8.3),(30,16,1332,2,1,8.3,8.3,8.3),(30,16,217,2,1,8.3,8.3,8.3),(30,16,253,2,1,8.2,8.2,8.2),(30,16,1195,2,1,8.3,8.3,8.3),(30,16,204,0,1,8.2,8.2,8.2),(30,16,1435,3,1,8.2,8.2,8.2),(30,16,120,1,1,8.2,8.2,8.2),(30,16,1015,2,1,8.2,8.2,8.2),(30,16,1427,1,1,8.2,8.2,8.2),(30,16,251,5,1,8.3,8.3,8.3),(30,16,117,5,1,8.3,8.3,8.3),(30,16,737,1,1,8.2,8.2,8.2),(30,16,492,2,1,8.3,8.3,8.3),(134,16,1173,1,1,8.4,8.4,8.4),(134,16,970,2,1,8.4,8.4,8.4),(26,16,1457,6,1,8.2,8.2,8.2),(26,16,181,1,1,8.2,8.2,8.2),(26,16,511,3,1,8.2,8.2,8.2),(26,16,572,0,1,8.2,8.2,8.2),(26,16,993,1,1,8.2,8.2,8.2),(26,16,1676,0,1,8.2,8.2,8.2),(26,16,1548,1,1,8.2,8.2,8.2),(26,16,970,2,1,8.2,8.2,8.2),(85,16,993,1,1,8,8,8),(85,16,613,1,1,8,8,8),(85,16,1559,0,1,8,8,8),(85,16,1015,2,1,8,8,8),(85,16,712,1,1,8,8,8),(85,16,394,1,1,8,8,8),(139,16,1374,1,1,8.5,8.5,8.5),(139,16,607,1,1,8.3,8.3,8.3),(139,16,438,1,1,9.4,9.4,9.4),(139,16,1462,2,1,8.1,8.1,8.1),(139,16,1158,0,1,8.3,8.3,8.3),(139,16,965,3,1,8.4,8.4,8.4),(139,16,892,1,1,8.9,8.9,8.9),(139,16,329,2,1,8.4,8.4,8.4),(139,16,1107,3,1,8.4,8.4,8.4),(139,16,631,1,1,9.4,9.4,9.4),(139,16,652,2,1,8.9,8.9,8.9),(139,16,720,1,1,8.5,8.5,8.5),(139,16,913,2,1,8.5,8.5,8.5),(139,16,1222,1,1,8.1,8.1,8.1),(139,16,1222,2,1,8.4,8.4,8.4),(139,16,899,1,1,8.1,8.1,8.1),(139,16,1661,2,1,8.9,8.9,8.9),(139,16,785,1,1,8.1,8.1,8.1),(139,16,406,2,1,8.1,8.1,8.1),(139,16,1445,1,1,9.4,9.4,9.4),(139,16,1592,1,1,9.4,9.4,9.4),(139,16,842,1,1,9.4,9.4,9.4),(139,16,1330,2,1,8.1,8.1,8.1),(139,16,1205,2,1,8.1,8.1,8.1),(139,16,739,2,1,8.5,8.5,8.5),(139,16,694,1,1,8.3,8.3,8.3),(139,16,387,0,1,8.9,8.9,8.9),(139,16,1379,1,1,8.5,8.5,8.5),(139,16,712,2,1,8.4,8.4,8.4),(139,16,394,1,1,8.5,8.5,8.5),(139,16,1177,1,1,8.3,8.3,8.3),(139,16,1555,1,1,9.4,9.4,9.4),(139,16,594,1,1,9.4,9.4,9.4),(139,16,156,1,1,8.5,8.5,8.5),(139,16,1132,0,1,8.3,8.3,8.3),(139,16,23,3,1,8.5,8.5,8.5),(139,16,1028,1,1,9.4,9.4,9.4),(139,16,154,1,1,9.4,9.4,9.4),(139,16,884,1,1,9.4,9.4,9.4),(139,16,1252,2,1,8.9,8.9,8.9),(139,16,964,1,1,8.1,8.1,8.1),(139,16,1206,4,1,8.1,8.1,8.1),(126,16,778,2,1,8.3,8.3,8.3),(126,16,1295,1,1,8.3,8.3,8.3),(126,16,737,1,1,8.3,8.3,8.3),(118,16,1374,0,1,8.5,8.5,8.5),(118,16,25,1,1,8.5,8.5,8.5),(118,16,965,1,1,8.5,8.5,8.5),(118,16,928,2,1,8.5,8.5,8.5),(132,16,1578,3,1,8.3,8.3,8.3),(132,16,75,5,1,8.3,8.3,8.3),(132,16,624,5,1,8.3,8.3,8.3),(132,16,1374,1,1,8.7,8.7,8.7),(132,16,243,7,1,8.3,8.3,8.3),(132,16,25,1,1,9.7,9.7,9.7),(132,16,404,1,1,9,9,9),(132,16,1647,2,1,9.7,9.7,9.7),(132,16,1049,1,1,9.7,9.7,9.7),(132,16,1342,1,1,9.2,9.2,9.2),(132,16,285,1,1,8.8,8.8,8.8),(132,16,1478,1,1,8.3,8.3,8.3),(132,16,316,3,1,9.7,9.7,9.7),(132,16,1046,2,1,9,9,9),(132,16,380,4,1,8.3,8.3,8.3),(132,16,989,3,1,9.2,9.2,9.2),(132,16,882,3,1,8.3,8.3,8.3),(132,16,361,2,1,8.8,8.8,8.8),(132,16,1397,0,1,8.8,8.8,8.8),(132,16,120,1,1,9,9,9),(132,16,1410,1,1,9.2,9.2,9.2),(132,16,993,1,1,8.3,8.3,8.3),(132,16,1336,3,1,9.2,9.2,9.2),(132,16,1015,2,1,9.7,9.7,9.7),(132,16,90,1,1,9,9,9),(132,16,1177,2,1,9.7,9.7,9.7),(132,16,1427,1,1,9.7,9.7,9.7),(132,16,1380,1,1,8.3,8.3,8.3),(132,16,938,1,1,9,9,9),(132,16,811,1,1,9.2,9.2,9.2),(132,16,1589,1,1,9,9,9),(132,16,928,2,1,8.3,8.3,8.3),(132,16,93,2,1,8.7,8.7,8.7),(132,16,737,0,1,8.3,8.3,8.3),(132,16,737,1,1,9.7,9.7,9.7),(132,16,1179,1,1,8.3,8.3,8.3),(132,16,738,1,1,8.7,8.7,8.7),(132,16,1181,1,1,8.3,8.3,8.3),(132,16,1273,1,1,8.8,8.8,8.8),(24,16,309,1,1,8.3,8.3,8.3),(24,16,120,1,1,8.5,8.5,8.5),(24,16,1015,2,1,8.5,8.5,8.5),(24,16,712,1,1,8.5,8.5,8.5),(24,16,1427,1,1,8.3,8.3,8.3),(24,16,1132,0,1,8.3,8.3,8.3),(24,16,1393,1,1,8.3,8.3,8.3),(24,16,928,2,1,8.3,8.3,8.3),(24,16,737,1,1,8.3,8.3,8.3),(72,16,762,1,1,8.7,8.7,8.7),(72,16,385,1,1,8.7,8.7,8.7),(72,16,502,1,1,8.7,8.7,8.7),(72,16,686,3,1,8.7,8.7,8.7),(72,16,1559,0,1,8.7,8.7,8.7),(72,16,1015,2,1,8.7,8.7,8.7),(37,16,181,1,1,8.3,8.3,8.3),(37,16,204,0,1,8.3,8.3,8.3),(37,16,1015,2,1,8.3,8.3,8.3),(37,16,1179,1,1,8.3,8.3,8.3),(37,16,755,3,1,8.3,8.3,8.3),(104,0,799,1,1,8.5,8.5,8.5),(5,0,1166,3,1,8.5,8.5,8.5),(5,0,965,1,1,8.5,8.5,8.5),(5,0,181,1,1,8.5,8.5,8.5),(5,0,90,4,1,8.5,8.5,8.5),(5,0,696,3,1,8.5,8.5,8.5),(5,0,970,2,1,8.5,8.5,8.5),(13,0,1335,4,1,8.5,8.5,8.5),(13,0,1049,1,1,8.5,8.5,8.5),(13,0,1173,3,1,8.5,8.5,8.5),(13,0,799,1,1,8.5,8.5,8.5),(13,0,1132,0,1,8.5,8.5,8.5),(13,0,595,5,1,8.5,8.5,8.5),(96,0,309,1,1,9.1,9.1,9.1),(96,0,762,1,1,9.1,9.1,9.1),(96,0,631,3,1,9.1,9.1,9.1),(96,0,90,4,1,9.1,9.1,9.1),(96,0,938,2,1,9.1,9.1,9.1),(57,0,692,1,1,9.1,9.1,9.1),(57,0,309,1,1,9.1,9.1,9.1),(57,0,950,2,1,9,9,9),(57,0,1519,3,1,9,9,9),(57,0,1123,1,1,9,9,9),(57,0,854,1,1,9,9,9),(57,0,1368,1,1,9,9,9),(57,0,1542,9,1,9,9,9),(57,0,928,2,1,9.1,9.1,9.1),(4,0,1084,2,1,9.1,9.1,9.1),(4,0,193,1,1,9.1,9.1,9.1),(4,0,1166,3,1,9.1,9.1,9.1),(4,0,641,2,1,9.1,9.1,9.1),(4,0,1158,0,1,9.6,9.6,9.6),(4,0,692,4,1,9.1,9.1,9.1),(4,0,309,1,1,9.1,9.1,9.1),(4,0,1049,1,1,9.6,9.6,9.6),(4,0,631,2,1,9.1,9.1,9.1),(4,0,652,4,1,9.6,9.6,9.6),(4,0,686,3,1,9.6,9.6,9.6),(4,0,120,1,1,9.1,9.1,9.1),(4,0,1364,2,1,9.6,9.6,9.6),(36,20,438,1,1,9.6,9.6,9.6),(36,20,902,3,1,9.6,9.6,9.6),(36,20,502,1,1,9.6,9.6,9.6),(36,20,524,1,1,9.6,9.6,9.6),(36,20,822,1,1,9.6,9.6,9.6),(36,20,1046,1,1,9.6,9.6,9.6),(36,20,370,1,1,9.6,9.6,9.6),(73,20,124,2,1,9.7,9.7,9.7),(60,12,1150,1,1,8,8,8),(60,12,1150,3,1,9.2,9.2,9.2),(101,12,25,1,1,9.6,9.6,9.6),(101,12,1150,1,1,9.6,9.6,9.6),(101,12,928,2,1,9.6,9.6,9.6),(61,12,270,1,1,8.7,8.7,8.7),(61,12,762,1,1,8.7,8.7,8.7),(61,12,882,3,1,8.7,8.7,8.7),(61,12,1066,0,1,8.7,8.7,8.7),(61,12,98,2,1,8.7,8.7,8.7),(143,12,1150,0,1,9.8,9.8,9.8),(63,12,1150,3,1,9.4,9.4,9.4),(69,12,1150,1,1,9.3,9.3,9.3),(69,12,1150,2,1,9.5,9.5,9.5),(4,12,1012,1,1,9.2,9.2,9.2),(4,12,869,2,1,9.2,9.2,9.2),(4,12,434,1,1,9.2,9.2,9.2),(4,12,638,3,1,9.6,9.6,9.6),(4,12,607,1,1,9.8,9.8,9.8),(4,12,612,2,1,9.8,9.8,9.8),(4,12,941,1,1,9.4,9.4,9.4),(4,12,353,6,1,9.4,9.4,9.4),(4,12,631,4,1,9.4,9.4,9.4),(4,12,430,5,1,9.3,9.3,9.3),(4,12,352,1,1,9.4,9.4,9.4),(4,12,756,2,1,9.4,9.4,9.4),(4,12,12,0,1,9.2,9.2,9.2),(4,12,1185,1,1,9.3,9.3,9.3),(4,12,870,0,1,9.4,9.4,9.4),(4,12,1391,0,1,9.4,9.4,9.4),(4,12,914,2,1,9.4,9.4,9.4),(4,12,1217,3,1,9.4,9.4,9.4),(4,12,1022,2,1,9.3,9.3,9.3),(4,12,1059,1,1,9.3,9.3,9.3),(4,12,717,3,1,9.4,9.4,9.4),(4,12,1393,1,1,9.8,9.8,9.8),(4,12,1150,6,1,9.2,9.2,9.2),(4,12,341,0,1,9.2,9.2,9.2),(4,12,1543,1,1,9.2,9.2,9.2),(4,12,1543,3,1,9.3,9.3,9.3),(4,12,616,2,1,9.2,9.2,9.2),(4,12,839,3,1,9.2,9.2,9.2),(4,12,1090,4,1,9.2,9.2,9.2),(4,12,1608,2,1,9.4,9.4,9.4),(4,12,859,1,1,9.4,9.4,9.4),(4,12,1248,1,1,9.2,9.2,9.2),(56,12,1150,2,1,9.6,9.6,9.6),(56,12,1150,3,1,9.6,9.6,9.6),(56,12,1150,4,1,9.6,9.6,9.6),(56,12,1150,5,1,9.6,9.6,9.6),(91,12,1049,1,1,8.6,8.6,8.6),(105,10,1503,1,1,8,8,8),(105,10,498,3,1,8,8,8),(105,10,928,2,1,8,8,8),(139,10,1446,1,1,8.1,8.1,8.1),(139,10,896,1,1,8.1,8.1,8.1),(139,10,631,3,1,8.1,8.1,8.1),(139,10,998,1,1,8.1,8.1,8.1),(60,2,240,1,1,8.2,8.2,8.2),(60,2,240,2,1,8.2,8.2,8.2),(60,2,1335,5,1,8.2,8.2,8.2),(60,2,1335,6,1,8.2,8.2,8.2),(60,2,1335,7,1,8.2,8.2,8.2),(60,2,1478,1,1,9.1,9.1,9.1),(60,2,1076,7,1,8.2,8.2,8.2),(60,2,631,3,1,9.1,9.1,9.1),(60,2,799,1,1,9.1,9.1,9.1),(60,2,394,1,1,9.1,9.1,9.1),(60,2,90,1,1,9.1,9.1,9.1),(60,2,1612,3,1,8.2,8.2,8.2),(60,2,1612,4,1,8.2,8.2,8.2),(144,2,720,1,1,8.6,8.6,8.6),(144,2,749,1,1,8.6,8.6,8.6),(144,2,593,3,1,8.6,8.6,8.6),(139,2,885,1,1,8.4,8.4,8.4),(139,2,1334,2,1,8.4,8.4,8.4),(139,2,1576,1,1,8.4,8.4,8.4),(139,2,1459,1,1,8.4,8.4,8.4),(139,2,76,4,1,8.4,8.4,8.4),(139,2,418,2,1,8.4,8.4,8.4),(139,2,1100,2,1,8.4,8.4,8.4),(139,2,1222,2,1,8.4,8.4,8.4),(139,2,380,2,1,8.4,8.4,8.4),(139,2,852,2,1,8.4,8.4,8.4),(139,2,755,4,1,8.4,8.4,8.4),(139,2,1146,4,1,8.4,8.4,8.4),(139,2,1271,4,1,8.4,8.4,8.4),(139,2,262,4,1,8.4,8.4,8.4),(104,3,449,3,1,9.4,9.4,9.4),(104,3,821,1,1,9.4,9.4,9.4),(104,3,1095,3,1,9.1,9.1,9.1),(104,3,191,1,1,9.4,9.4,9.4),(104,3,800,2,1,9.4,9.4,9.4),(104,3,17,0,1,8.6,8.6,8.6),(104,3,458,4,1,9.1,9.1,9.1),(104,3,453,2,1,9.4,9.4,9.4),(104,3,298,2,1,9.4,9.4,9.4),(104,3,692,3,1,8.2,8.2,8.2),(104,3,692,4,1,8.2,8.2,8.2),(104,3,612,2,1,9.4,9.4,9.4),(104,3,946,1,1,9.3,9.3,9.3),(104,3,794,1,1,8.6,8.6,8.6),(104,3,1069,1,1,8.6,8.6,8.6),(104,3,1342,0,1,8.6,8.6,8.6),(104,3,14,3,1,8.2,8.2,8.2),(104,3,902,1,1,9.5,9.5,9.5),(104,3,1292,3,1,8.2,8.2,8.2),(104,3,430,2,1,9.4,9.4,9.4),(104,3,996,1,1,9.3,9.3,9.3),(104,3,266,3,1,9.4,9.4,9.4),(104,3,977,0,1,9.4,9.4,9.4),(104,3,245,1,1,8.7,8.7,8.7),(104,3,345,1,1,9.4,9.4,9.4),(104,3,448,1,1,8.7,8.7,8.7),(104,3,374,1,1,8.7,8.7,8.7),(104,3,1016,1,1,8.7,8.7,8.7),(104,3,253,1,1,9.5,9.5,9.5),(104,3,867,1,1,9.4,9.4,9.4),(104,3,1256,2,1,9.1,9.1,9.1),(104,3,498,3,1,9.3,9.3,9.3),(104,3,739,1,1,9.5,9.5,9.5),(104,3,558,1,1,9.4,9.4,9.4),(104,3,635,1,1,8.7,8.7,8.7),(104,3,1089,1,1,8.7,8.7,8.7),(104,3,695,1,1,9.1,9.1,9.1),(104,3,1521,1,1,8.7,8.7,8.7),(104,3,471,1,1,9.4,9.4,9.4),(104,3,1159,0,1,8.6,8.6,8.6),(104,3,1424,0,1,8.6,8.6,8.6),(104,3,1570,1,1,8.5,8.5,8.5),(104,3,120,0,1,9,9,9),(104,3,674,3,1,9.1,9.1,9.1),(104,3,1380,1,1,9,9,9),(104,3,1270,1,1,9.5,9.5,9.5),(104,3,1498,3,1,8.2,8.2,8.2),(104,3,23,2,1,9.4,9.4,9.4),(104,3,1453,1,1,9.3,9.3,9.3),(104,3,710,0,1,8.7,8.7,8.7),(104,3,737,1,1,8.6,8.6,8.6),(104,3,623,1,1,9.3,9.3,9.3),(104,3,1485,1,1,9.3,9.3,9.3),(27,3,607,1,1,9.4,9.4,9.4),(27,3,1659,1,1,9.1,9.1,9.1),(27,3,1342,1,1,9.1,9.1,9.1),(27,3,14,2,1,9.4,9.4,9.4),(27,3,1285,3,1,9.1,9.1,9.1),(27,3,253,2,1,9,9,9),(27,3,253,3,1,9,9,9),(27,3,120,1,1,9.4,9.4,9.4),(27,3,394,2,1,9.4,9.4,9.4),(3,3,1365,1,1,9.1,9.1,9.1),(3,3,211,1,1,9.1,9.1,9.1),(3,3,1418,1,1,9.1,9.1,9.1),(3,3,1056,1,1,9.1,9.1,9.1),(3,3,692,1,1,9.1,9.1,9.1),(3,3,639,1,1,9.1,9.1,9.1),(3,3,739,1,1,9.1,9.1,9.1),(48,3,309,1,1,8.1,8.1,8.1),(48,3,1496,1,1,8.1,8.1,8.1),(48,3,1665,1,1,8.1,8.1,8.1),(48,3,511,2,1,8.1,8.1,8.1),(48,3,1249,1,1,8.1,8.1,8.1),(48,3,1645,2,1,8.1,8.1,8.1),(48,3,864,1,1,8.1,8.1,8.1),(48,3,1150,1,1,8.1,8.1,8.1),(158,3,692,1,1,8.8,8.8,8.8),(158,3,762,1,1,8.8,8.8,8.8),(158,3,394,1,1,8.8,8.8,8.8),(35,3,430,1,1,9.5,9.5,9.5),(35,3,720,1,1,9.5,9.5,9.5),(35,3,615,3,1,9.5,9.5,9.5),(35,3,1669,1,1,9.5,9.5,9.5),(35,3,967,1,1,9.5,9.5,9.5),(22,3,1557,1,1,8.6,8.6,8.6),(22,3,962,1,1,8.6,8.6,8.6),(22,3,183,1,1,8.6,8.6,8.6),(142,3,734,1,1,9.6,9.6,9.6),(142,3,1102,1,1,9.2,9.2,9.2),(142,3,1084,2,1,8.7,8.7,8.7),(142,3,20,1,1,9.6,9.6,9.6),(142,3,1674,1,1,9.3,9.3,9.3),(142,3,321,1,1,9.2,9.2,9.2),(142,3,236,2,1,9.4,9.4,9.4),(142,3,1188,2,1,9.4,9.4,9.4),(142,3,796,3,1,9.1,9.1,9.1),(142,3,1125,3,1,9.5,9.5,9.5),(142,3,832,3,1,9.3,9.3,9.3),(142,3,889,1,1,9.4,9.4,9.4),(142,3,1659,3,1,9.3,9.3,9.3),(142,3,455,2,1,8.9,8.9,8.9),(142,3,64,3,1,8.8,8.8,8.8),(142,3,555,3,1,8.6,8.6,8.6),(142,3,762,1,1,9.3,9.3,9.3),(142,3,676,1,1,8.8,8.8,8.8),(142,3,1518,3,1,8.5,8.5,8.5),(142,3,1038,1,1,9.3,9.3,9.3),(142,3,902,1,1,9.3,9.3,9.3),(142,3,359,7,1,8.6,8.6,8.6),(142,3,711,1,1,9.3,9.3,9.3),(142,3,689,1,1,9.2,9.2,9.2),(142,3,720,1,1,9.3,9.3,9.3),(142,3,720,2,1,9.5,9.5,9.5),(142,3,720,3,1,9.3,9.3,9.3),(142,3,923,3,1,9.5,9.5,9.5),(142,3,640,1,1,9.6,9.6,9.6),(142,3,1230,2,1,8.9,8.9,8.9),(142,3,541,1,1,9.6,9.6,9.6),(142,3,308,1,1,9.6,9.6,9.6),(142,3,593,1,1,9.2,9.2,9.2),(142,3,367,2,1,8.9,8.9,8.9),(142,3,1307,1,1,9.4,9.4,9.4),(142,3,844,1,1,8.7,8.7,8.7),(142,3,397,1,1,8.7,8.7,8.7),(142,3,1451,1,1,8.6,8.6,8.6),(142,3,1669,1,1,8.5,8.5,8.5),(142,3,1619,1,1,8.9,8.9,8.9),(142,3,62,1,1,9.2,9.2,9.2),(142,3,1013,1,1,9.2,9.2,9.2),(142,3,985,1,1,9.2,9.2,9.2),(142,3,122,0,1,8.4,8.4,8.4),(142,3,1495,1,1,8.9,8.9,8.9),(142,3,1662,3,1,9,9,9),(142,3,99,1,1,9.2,9.2,9.2),(142,3,1569,3,1,8.8,8.8,8.8),(142,3,712,1,1,8.5,8.5,8.5),(142,3,394,1,1,9.2,9.2,9.2),(142,3,203,1,1,8.6,8.6,8.6),(142,3,169,2,1,8.6,8.6,8.6),(142,3,684,1,1,8.6,8.6,8.6),(142,3,731,2,1,8.6,8.6,8.6),(142,3,1406,2,1,8.6,8.6,8.6),(142,3,1427,2,1,9.5,9.5,9.5),(142,3,23,1,1,9.2,9.2,9.2),(142,3,1529,2,1,8.8,8.8,8.8),(142,3,548,2,1,8.8,8.8,8.8),(142,3,1305,2,1,8.8,8.8,8.8),(142,3,1108,1,1,9.6,9.6,9.6),(142,3,1216,2,1,9.5,9.5,9.5),(142,3,737,2,1,8.4,8.4,8.4),(142,3,299,1,1,8.7,8.7,8.7),(142,3,360,1,1,9.2,9.2,9.2),(142,3,814,3,1,9,9,9),(103,3,120,1,1,9,9,9),(103,3,1662,3,1,9,9,9),(103,3,1559,0,1,9,9,9),(103,3,737,1,1,9,9,9),(83,3,699,1,1,8.8,8.8,8.8),(83,3,1110,1,1,8.8,8.8,8.8),(83,3,275,0,1,8.8,8.8,8.8),(83,3,974,1,1,8.8,8.8,8.8),(83,3,1560,1,1,9.5,9.5,9.5),(83,3,137,1,1,9.5,9.5,9.5),(83,3,1052,3,1,9.5,9.5,9.5),(83,3,561,1,1,8.8,8.8,8.8),(83,3,208,2,1,9.5,9.5,9.5),(83,3,508,2,1,9,9,9),(83,3,607,1,1,9.4,9.4,9.4),(83,3,607,3,1,8.7,8.7,8.7),(83,3,438,2,1,9.7,9.7,9.7),(83,3,687,1,1,9.5,9.5,9.5),(83,3,1288,1,1,9,9,9),(83,3,1516,2,1,9.7,9.7,9.7),(83,3,1207,3,1,9.7,9.7,9.7),(83,3,1053,3,1,9.7,9.7,9.7),(83,3,599,3,1,9.7,9.7,9.7),(83,3,296,2,1,9.7,9.7,9.7),(83,3,1056,1,1,8.8,8.8,8.8),(83,3,692,2,1,9.4,9.4,9.4),(83,3,612,2,1,9.4,9.4,9.4),(83,3,309,1,1,9,9,9),(83,3,309,2,1,9,9,9),(83,3,589,1,1,9,9,9),(83,3,620,1,1,9,9,9),(83,3,762,2,1,8.8,8.8,8.8),(83,3,1099,2,1,9.5,9.5,9.5),(83,3,845,1,1,8.8,8.8,8.8),(83,3,876,1,1,8.8,8.8,8.8),(83,3,268,3,1,9.5,9.5,9.5),(83,3,1528,2,1,9.5,9.5,9.5),(83,3,519,1,1,9.5,9.5,9.5),(83,3,498,3,1,9.3,9.3,9.3),(83,3,564,0,1,9.7,9.7,9.7),(83,3,627,1,1,9,9,9),(83,3,120,1,1,9.4,9.4,9.4),(83,3,799,1,1,9.6,9.6,9.6),(83,3,880,1,1,9.5,9.5,9.5),(83,3,394,3,1,9,9,9),(83,3,935,3,1,9.3,9.3,9.3),(83,3,853,2,1,9.3,9.3,9.3),(83,3,722,1,1,9.3,9.3,9.3),(83,3,714,2,1,9.3,9.3,9.3),(83,3,409,4,1,9,9,9),(83,3,136,1,1,9.4,9.4,9.4),(83,3,1380,1,1,9.6,9.6,9.6),(83,3,23,1,1,9.4,9.4,9.4),(83,3,23,3,1,9,9,9),(83,3,790,3,1,9,9,9),(83,3,741,2,1,9.5,9.5,9.5),(83,3,737,1,1,9,9,9),(83,3,1179,1,1,9.4,9.4,9.4),(83,3,755,4,1,9.3,9.3,9.3),(82,3,50,4,1,8.2,8.2,8.2),(82,3,582,3,1,9.2,9.2,9.2),(82,3,1402,1,1,9.2,9.2,9.2),(82,3,209,1,1,9.1,9.1,9.1),(82,3,1355,1,1,9.8,9.8,9.8),(82,3,1171,3,1,9.2,9.2,9.2),(82,3,581,3,1,9.1,9.1,9.1),(82,3,1156,3,1,9.1,9.1,9.1),(82,3,1531,3,1,8.7,8.7,8.7),(82,3,862,3,1,8.7,8.7,8.7),(82,3,4,1,1,8.2,8.2,8.2),(82,3,267,3,1,9.2,9.2,9.2),(82,3,517,2,1,9.1,9.1,9.1),(82,3,231,1,1,9.2,9.2,9.2),(82,3,142,1,1,9.1,9.1,9.1),(82,3,1166,3,1,8.7,8.7,8.7),(82,3,607,1,1,9.1,9.1,9.1),(82,3,796,2,1,9.1,9.1,9.1),(82,3,1125,3,1,8.7,8.7,8.7),(82,3,1056,1,1,9.1,9.1,9.1),(82,3,692,2,1,9,9,9),(82,3,612,3,1,9.1,9.1,9.1),(82,3,309,1,1,8.9,8.9,8.9),(82,3,181,1,1,9,9,9),(82,3,1140,1,1,8.2,8.2,8.2),(82,3,748,2,1,9.1,9.1,9.1),(82,3,1673,3,1,8.2,8.2,8.2),(82,3,927,1,1,8.9,8.9,8.9),(82,3,460,2,1,8.7,8.7,8.7),(82,3,446,1,1,8.7,8.7,8.7),(82,3,1244,1,1,8.7,8.7,8.7),(82,3,113,5,1,8.7,8.7,8.7),(82,3,335,1,1,9.2,9.2,9.2),(82,3,119,1,1,9.2,9.2,9.2),(82,3,720,2,1,9,9,9),(82,3,1042,1,1,9.8,9.8,9.8),(82,3,1278,1,1,8.2,8.2,8.2),(82,3,474,1,1,9.2,9.2,9.2),(82,3,302,3,1,8.9,8.9,8.9),(82,3,1407,1,1,8.9,8.9,8.9),(82,3,1048,4,1,8.2,8.2,8.2),(82,3,679,0,1,8.7,8.7,8.7),(82,3,256,1,1,9.2,9.2,9.2),(82,3,1275,1,1,8.7,8.7,8.7),(82,3,450,1,1,8.9,8.9,8.9),(82,3,495,2,1,9.1,9.1,9.1),(82,3,792,1,1,9.1,9.1,9.1),(82,3,405,3,1,8.2,8.2,8.2),(82,3,571,1,1,8.9,8.9,8.9),(82,3,305,1,1,9.8,9.8,9.8),(82,3,277,1,1,8.2,8.2,8.2),(82,3,1219,1,1,9.2,9.2,9.2),(82,3,1669,1,1,9.1,9.1,9.1),(82,3,62,1,1,9.1,9.1,9.1),(82,3,1165,1,1,9.1,9.1,9.1),(82,3,546,3,1,9.1,9.1,9.1),(82,3,1251,4,1,9.2,9.2,9.2),(82,3,1591,3,1,8.2,8.2,8.2),(82,3,407,5,1,9.2,9.2,9.2),(82,3,1549,4,1,9.2,9.2,9.2),(82,3,23,3,1,9,9,9),(82,3,1357,3,1,8.2,8.2,8.2),(82,3,1366,1,1,8.9,8.9,8.9),(82,3,1286,1,1,8.9,8.9,8.9),(82,3,584,1,1,9.1,9.1,9.1),(130,3,1125,8,1,8.6,8.6,8.6),(130,3,309,1,1,8.6,8.6,8.6),(130,3,309,3,1,8.6,8.6,8.6),(130,3,430,4,1,8.6,8.6,8.6),(130,3,882,3,1,8.6,8.6,8.6),(130,3,928,2,1,8.6,8.6,8.6),(59,3,1237,1,1,8.9,8.9,8.9),(59,3,1641,1,1,8.9,8.9,8.9),(59,3,835,1,1,8.9,8.9,8.9),(59,3,1449,1,1,8.9,8.9,8.9),(12,3,181,1,1,9,9,9),(12,3,1214,1,1,9,9,9),(12,3,1421,1,1,9,9,9),(21,3,468,3,1,8.5,8.5,8.5),(21,3,199,3,1,8.5,8.5,8.5),(21,3,1458,3,1,8.5,8.5,8.5),(21,3,1601,2,1,8.5,8.5,8.5),(21,3,692,1,1,9.2,9.2,9.2),(21,3,1069,1,1,9.1,9.1,9.1),(21,3,671,1,1,9.2,9.2,9.2),(21,3,430,3,1,8.5,8.5,8.5),(21,3,1075,1,1,8.5,8.5,8.5),(21,3,1411,2,1,8.5,8.5,8.5),(21,3,720,1,1,9.2,9.2,9.2),(21,3,135,0,1,9.2,9.2,9.2),(21,3,915,1,1,8.5,8.5,8.5),(21,3,1452,3,1,8.5,8.5,8.5),(21,3,1581,2,1,8.5,8.5,8.5),(21,3,252,4,1,8.5,8.5,8.5),(21,3,120,1,1,9.4,9.4,9.4),(21,3,799,1,1,9.1,9.1,9.1),(21,3,712,1,1,9.4,9.4,9.4),(21,3,394,2,1,9.4,9.4,9.4),(21,3,394,3,1,9.1,9.1,9.1),(21,3,921,3,1,8.5,8.5,8.5),(11,3,309,1,1,8.8,8.8,8.8),(11,3,737,1,1,8.8,8.8,8.8),(60,3,1578,3,1,9.1,9.1,9.1),(60,3,330,3,1,9.1,9.1,9.1),(60,3,580,1,1,9.4,9.4,9.4),(60,3,307,1,1,9.2,9.2,9.2),(60,3,1394,1,1,9.5,9.5,9.5),(60,3,1649,1,1,9.3,9.3,9.3),(60,3,983,1,1,9,9,9),(60,3,41,1,1,9.2,9.2,9.2),(60,3,934,0,1,9.2,9.2,9.2),(60,3,265,1,1,9.2,9.2,9.2),(60,3,1193,1,1,9.2,9.2,9.2),(60,3,630,1,1,8.4,8.4,8.4),(60,3,960,1,1,9.6,9.6,9.6),(60,3,121,1,1,9.5,9.5,9.5),(60,3,105,1,1,9,9,9),(60,3,172,1,1,8.4,8.4,8.4),(60,3,417,3,1,9.6,9.6,9.6),(60,3,36,1,1,9.6,9.6,9.6),(60,3,553,1,1,8.4,8.4,8.4),(60,3,1081,1,1,9.3,9.3,9.3),(60,3,487,3,1,9.5,9.5,9.5),(60,3,389,1,1,9.5,9.5,9.5),(60,3,1024,3,1,9.5,9.5,9.5),(60,3,235,2,1,9.5,9.5,9.5),(60,3,45,1,1,8.9,8.9,8.9),(60,3,1142,2,1,8.8,8.8,8.8),(60,3,1235,1,1,9.3,9.3,9.3),(60,3,629,1,1,9.3,9.3,9.3),(60,3,1574,9,1,9.1,9.1,9.1),(60,3,624,2,1,9.2,9.2,9.2),(60,3,624,3,1,9.1,9.1,9.1),(60,3,608,1,1,9.5,9.5,9.5),(60,3,220,1,1,9.1,9.1,9.1),(60,3,1098,2,1,9.5,9.5,9.5),(60,3,233,1,1,9.2,9.2,9.2),(60,3,632,1,1,9.3,9.3,9.3),(60,3,255,1,1,9.1,9.1,9.1),(60,3,751,6,1,9.3,9.3,9.3),(60,3,648,2,1,9,9,9),(60,3,1246,2,1,9,9,9),(60,3,1514,1,1,8.9,8.9,8.9),(60,3,1247,1,1,8.9,8.9,8.9),(60,3,906,1,1,8.9,8.9,8.9),(60,3,1579,1,1,8.9,8.9,8.9),(60,3,1267,1,1,8.9,8.9,8.9),(60,3,531,1,1,8.9,8.9,8.9),(60,3,1675,1,1,8.9,8.9,8.9),(60,3,972,0,1,9.3,9.3,9.3),(60,3,1032,1,1,9.4,9.4,9.4),(60,3,573,1,1,9.1,9.1,9.1),(60,3,138,1,1,9.5,9.5,9.5),(60,3,1378,1,1,9.5,9.5,9.5),(60,3,1097,1,1,9.3,9.3,9.3),(60,3,936,1,1,9.5,9.5,9.5),(60,3,1458,1,1,9.5,9.5,9.5),(60,3,483,1,1,8.5,8.5,8.5),(60,3,647,1,1,9.4,9.4,9.4),(60,3,219,1,1,9.3,9.3,9.3),(60,3,1550,1,1,9.1,9.1,9.1),(60,3,300,1,1,9.2,9.2,9.2),(60,3,60,1,1,9.4,9.4,9.4),(60,3,152,1,1,9.4,9.4,9.4),(60,3,24,1,1,9,9,9),(60,3,1376,1,1,8.5,8.5,8.5),(60,3,829,1,1,8.4,8.4,8.4),(60,3,1573,1,1,9.4,9.4,9.4),(60,3,1389,1,1,9.3,9.3,9.3),(60,3,486,1,1,9,9,9),(60,3,1499,0,1,8.5,8.5,8.5),(60,3,9,2,1,8.3,8.3,8.3),(60,3,1433,1,1,8.6,8.6,8.6),(60,3,1547,1,1,8.9,8.9,8.9),(60,3,925,1,1,9.3,9.3,9.3),(60,3,55,1,1,9.4,9.4,9.4),(60,3,1456,1,1,9.1,9.1,9.1),(60,3,650,1,1,9.1,9.1,9.1),(60,3,170,1,1,9.1,9.1,9.1),(60,3,1640,1,1,9.1,9.1,9.1),(60,3,670,1,1,9.1,9.1,9.1),(60,3,327,1,1,9.3,9.3,9.3),(60,3,1284,1,1,9.3,9.3,9.3),(60,3,911,1,1,9.1,9.1,9.1),(60,3,379,1,1,9.1,9.1,9.1),(60,3,971,1,1,9.1,9.1,9.1),(60,3,1184,1,1,8.9,8.9,8.9),(60,3,1439,1,1,8.9,8.9,8.9),(60,3,336,1,1,8.9,8.9,8.9),(60,3,1340,1,1,8.9,8.9,8.9),(60,3,903,1,1,8.9,8.9,8.9),(60,3,7,1,1,8.9,8.9,8.9),(60,3,533,1,1,9.1,9.1,9.1),(60,3,108,1,1,8.6,8.6,8.6),(60,3,642,1,1,9.3,9.3,9.3),(60,3,94,1,1,8.3,8.3,8.3),(60,3,228,1,1,9.2,9.2,9.2),(60,3,988,1,1,8.8,8.8,8.8),(60,3,803,1,1,9,9,9),(60,3,561,2,1,9.7,9.7,9.7),(60,3,856,1,1,9.2,9.2,9.2),(60,3,535,1,1,9.7,9.7,9.7),(60,3,1600,1,1,9.7,9.7,9.7),(60,3,239,2,1,9.6,9.6,9.6),(60,3,1259,2,1,8.5,8.5,8.5),(60,3,1382,1,1,9.1,9.1,9.1),(60,3,1588,2,1,9.5,9.5,9.5),(60,3,82,1,1,9.5,9.5,9.5),(60,3,1420,1,1,9.2,9.2,9.2),(60,3,1415,1,1,9.5,9.5,9.5),(60,3,428,1,1,9,9,9),(60,3,557,1,1,9,9,9),(60,3,1594,1,1,9,9,9),(60,3,929,2,1,9,9,9),(60,3,462,1,1,8.9,8.9,8.9),(60,3,891,2,1,8.9,8.9,8.9),(60,3,115,1,1,9,9,9),(60,3,1233,1,1,9,9,9),(60,3,58,2,1,9,9,9),(60,3,280,1,1,9.1,9.1,9.1),(60,3,1471,1,1,9,9,9),(60,3,1335,3,1,8.5,8.5,8.5),(60,3,1651,2,1,9.3,9.3,9.3),(60,3,46,1,1,9.3,9.3,9.3),(60,3,467,1,1,9,9,9),(60,3,893,1,1,8,8,8),(60,3,236,1,1,9.1,9.1,9.1),(60,3,1093,1,1,9.2,9.2,9.2),(60,3,107,1,1,9.5,9.5,9.5),(60,3,796,2,1,9.6,9.6,9.6),(60,3,1125,3,1,9.1,9.1,9.1),(60,3,1125,4,1,8.9,8.9,8.9),(60,3,1552,2,1,9.3,9.3,9.3),(60,3,438,2,1,9.1,9.1,9.1),(60,3,1288,1,1,9.7,9.7,9.7),(60,3,1288,2,1,9.7,9.7,9.7),(60,3,1288,3,1,9.7,9.7,9.7),(60,3,1288,5,1,9,9,9),(60,3,1597,1,1,9,9,9),(60,3,832,3,1,9,9,9),(60,3,939,1,1,9.3,9.3,9.3),(60,3,1659,2,1,9.3,9.3,9.3),(60,3,1158,0,1,9.6,9.6,9.6),(60,3,166,1,1,8.9,8.9,8.9),(60,3,916,1,1,9.7,9.7,9.7),(60,3,1593,1,1,9,9,9),(60,3,491,1,1,9.5,9.5,9.5),(60,3,395,1,1,9.9,9.9,9.9),(60,3,378,1,1,9.9,9.9,9.9),(60,3,530,1,1,9.5,9.5,9.5),(60,3,719,1,1,9.9,9.9,9.9),(60,3,196,1,1,8.9,8.9,8.9),(60,3,501,1,1,8.9,8.9,8.9),(60,3,1175,1,1,8.9,8.9,8.9),(60,3,1328,1,1,8.9,8.9,8.9),(60,3,895,1,1,8.9,8.9,8.9),(60,3,319,1,1,8.9,8.9,8.9),(60,3,849,1,1,9.2,9.2,9.2),(60,3,195,1,1,9.2,9.2,9.2),(60,3,1627,1,1,9.2,9.2,9.2),(60,3,1337,1,1,9.5,9.5,9.5),(60,3,591,1,1,9,9,9),(60,3,1644,1,1,9,9,9),(60,3,339,1,1,9.3,9.3,9.3),(60,3,942,1,1,9.2,9.2,9.2),(60,3,65,1,1,8.4,8.4,8.4),(60,3,959,1,1,8.4,8.4,8.4),(60,3,1065,1,1,8.4,8.4,8.4),(60,3,1239,1,1,8.4,8.4,8.4),(60,3,1653,1,1,8.4,8.4,8.4),(60,3,484,1,1,9.2,9.2,9.2),(60,3,342,1,1,9.2,9.2,9.2),(60,3,1161,1,1,9.2,9.2,9.2),(60,3,1503,1,1,8.9,8.9,8.9),(60,3,1034,1,1,8.5,8.5,8.5),(60,3,816,1,1,9.2,9.2,9.2),(60,3,762,2,1,9,9,9),(60,3,79,1,1,9.2,9.2,9.2),(60,3,232,1,1,9.5,9.5,9.5),(60,3,892,1,1,9,9,9),(60,3,1658,3,1,9,9,9),(60,3,1297,3,1,9,9,9),(60,3,834,1,1,8.5,8.5,8.5),(60,3,887,1,1,8.5,8.5,8.5),(60,3,1118,1,1,9.1,9.1,9.1),(60,3,445,1,1,9.5,9.5,9.5),(60,3,451,1,1,9.3,9.3,9.3),(60,3,1372,1,1,9.5,9.5,9.5),(60,3,213,1,1,9.1,9.1,9.1),(60,3,316,3,1,8.7,8.7,8.7),(60,3,14,1,1,9.1,9.1,9.1),(60,3,1523,2,1,9,9,9),(60,3,1001,1,1,8.5,8.5,8.5),(60,3,1618,1,1,9.2,9.2,9.2),(60,3,1225,3,1,8.7,8.7,8.7),(60,3,353,2,1,9.7,9.7,9.7),(60,3,678,1,1,9.5,9.5,9.5),(60,3,1200,1,1,9.5,9.5,9.5),(60,3,1096,1,1,9.2,9.2,9.2),(60,3,1537,1,1,8.6,8.6,8.6),(60,3,902,2,1,9.3,9.3,9.3),(60,3,902,3,1,9.6,9.6,9.6),(60,3,1198,1,1,9.3,9.3,9.3),(60,3,439,5,1,9.2,9.2,9.2),(60,3,631,4,1,8.3,8.3,8.3),(60,3,1136,3,1,8.3,8.3,8.3),(60,3,973,3,1,9.1,9.1,9.1),(60,3,430,5,1,8,8,8),(60,3,430,6,1,9.2,9.2,9.2),(60,3,1400,5,1,9.1,9.1,9.1),(60,3,1398,3,1,9.5,9.5,9.5),(60,3,1371,2,1,9.2,9.2,9.2),(60,3,1027,1,1,9,9,9),(60,3,466,11,1,8.4,8.4,8.4),(60,3,466,15,1,8.3,8.3,8.3),(60,3,909,1,1,9.5,9.5,9.5),(60,3,1121,1,1,9.5,9.5,9.5),(60,3,614,3,1,9.3,9.3,9.3),(60,3,757,1,1,9,9,9),(60,3,725,2,1,9.2,9.2,9.2),(60,3,200,2,1,8.4,8.4,8.4),(60,3,724,1,1,8.4,8.4,8.4),(60,3,597,3,1,8.5,8.5,8.5),(60,3,381,3,1,9.5,9.5,9.5),(60,3,1060,2,1,9.5,9.5,9.5),(60,3,1610,2,1,9.5,9.5,9.5),(60,3,206,1,1,9.3,9.3,9.3),(60,3,702,1,1,9.3,9.3,9.3),(60,3,400,20,1,9.1,9.1,9.1),(60,3,400,21,1,8.8,8.8,8.8),(60,3,400,22,1,9,9,9),(60,3,1437,2,1,9.2,9.2,9.2),(60,3,1210,1,1,9.3,9.3,9.3),(60,3,325,1,1,9.6,9.6,9.6),(60,3,1663,1,1,9,9,9),(60,3,294,1,1,9.8,9.8,9.8),(60,3,723,1,1,9.3,9.3,9.3),(60,3,1282,1,1,9.4,9.4,9.4),(60,3,562,1,1,8.8,8.8,8.8),(60,3,1363,1,1,9.3,9.3,9.3),(60,3,947,1,1,9.1,9.1,9.1),(60,3,1258,2,1,8.4,8.4,8.4),(60,3,165,1,1,9.5,9.5,9.5),(60,3,1465,1,1,9.3,9.3,9.3),(60,3,8,1,1,8.6,8.6,8.6),(60,3,159,1,1,9,9,9),(60,3,783,1,1,8.8,8.8,8.8),(60,3,544,2,1,9.3,9.3,9.3),(60,3,257,1,1,9.1,9.1,9.1),(60,3,720,0,1,9.2,9.2,9.2),(60,3,802,2,1,8.7,8.7,8.7),(60,3,1607,1,1,9.7,9.7,9.7),(60,3,1196,1,1,9.4,9.4,9.4),(60,3,1046,1,1,9.4,9.4,9.4),(60,3,1046,2,1,9.5,9.5,9.5),(60,3,399,1,1,9.6,9.6,9.6),(60,3,1278,1,1,9.5,9.5,9.5),(60,3,452,1,1,8.8,8.8,8.8),(60,3,1197,1,1,8.6,8.6,8.6),(60,3,313,2,1,9.3,9.3,9.3),(60,3,761,1,1,9.5,9.5,9.5),(60,3,1222,2,1,9.4,9.4,9.4),(60,3,819,3,1,9.7,9.7,9.7),(60,3,444,1,1,9,9,9),(60,3,826,1,1,8.9,8.9,8.9),(60,3,1103,1,1,9.4,9.4,9.4),(60,3,804,2,1,9.4,9.4,9.4),(60,3,559,1,1,8.8,8.8,8.8),(60,3,276,1,1,9.1,9.1,9.1),(60,3,1622,2,1,9.4,9.4,9.4),(60,3,1192,1,1,9.8,9.8,9.8),(60,3,1192,2,1,9.2,9.2,9.2),(60,3,176,2,1,9.4,9.4,9.4),(60,3,1434,1,1,9.4,9.4,9.4),(60,3,622,1,1,9.4,9.4,9.4),(60,3,477,1,1,9.6,9.6,9.6),(60,3,865,1,1,9.3,9.3,9.3),(60,3,1287,1,1,8.8,8.8,8.8),(60,3,860,3,1,9.3,9.3,9.3),(60,3,775,1,1,8.5,8.5,8.5),(60,3,1085,2,1,9.4,9.4,9.4),(60,3,900,1,1,9,9,9),(60,3,1070,1,1,9.3,9.3,9.3),(60,3,958,1,1,9.1,9.1,9.1),(60,3,1565,1,1,9.1,9.1,9.1),(60,3,898,1,1,9.5,9.5,9.5),(60,3,314,1,1,9,9,9),(60,3,806,1,1,8.5,8.5,8.5),(60,3,806,2,1,8.6,8.6,8.6),(60,3,534,1,1,9.1,9.1,9.1),(60,3,1667,1,1,8.8,8.8,8.8),(60,3,1310,1,1,9.1,9.1,9.1),(60,3,15,1,1,8.9,8.9,8.9),(60,3,1488,3,1,8.2,8.2,8.2),(60,3,207,1,1,9,9,9),(60,3,1590,3,1,8,8,8),(60,3,1602,1,1,8.4,8.4,8.4),(60,3,59,3,1,9.5,9.5,9.5),(60,3,1511,1,1,8.6,8.6,8.6),(60,3,420,3,1,9.5,9.5,9.5),(60,3,364,1,1,9.3,9.3,9.3),(60,3,248,3,1,8.7,8.7,8.7),(60,3,1468,1,1,8,8,8),(60,3,68,1,1,9.1,9.1,9.1),(60,3,1174,1,1,8.6,8.6,8.6),(60,3,1513,1,1,9,9,9),(60,3,681,2,1,9.6,9.6,9.6),(60,3,237,1,1,9.4,9.4,9.4),(60,3,1242,1,1,9.5,9.5,9.5),(60,3,625,1,1,9.5,9.5,9.5),(60,3,304,2,1,9,9,9),(60,3,42,1,1,8.9,8.9,8.9),(60,3,301,1,1,9.5,9.5,9.5),(60,3,1290,1,1,9.5,9.5,9.5),(60,3,709,1,1,9.3,9.3,9.3),(60,3,354,1,1,9.5,9.5,9.5),(60,3,348,1,1,9.3,9.3,9.3),(60,3,1148,1,1,9.3,9.3,9.3),(60,3,398,1,1,9.4,9.4,9.4),(60,3,1274,1,1,9.3,9.3,9.3),(60,3,1582,2,1,9.5,9.5,9.5),(60,3,253,1,1,9.1,9.1,9.1),(60,3,253,2,1,8.7,8.7,8.7),(60,3,808,1,1,8.4,8.4,8.4),(60,3,920,2,1,9.4,9.4,9.4),(60,3,1326,1,1,9.4,9.4,9.4),(60,3,787,1,1,9.3,9.3,9.3),(60,3,0,2,1,8.4,8.4,8.4),(60,3,100,1,1,9.3,9.3,9.3),(60,3,1152,1,1,9.3,9.3,9.3),(60,3,130,1,1,9.3,9.3,9.3),(60,3,188,1,1,9.5,9.5,9.5),(60,3,540,1,1,9.3,9.3,9.3),(60,3,700,1,1,9.1,9.1,9.1),(60,3,490,2,1,9.3,9.3,9.3),(60,3,363,1,1,9.1,9.1,9.1),(60,3,1670,1,1,9.5,9.5,9.5),(60,3,1604,1,1,8.6,8.6,8.6),(60,3,1416,1,1,9,9,9),(60,3,281,2,1,9.3,9.3,9.3),(60,3,1227,2,1,8.4,8.4,8.4),(60,3,184,1,1,9.3,9.3,9.3),(60,3,749,1,1,9.8,9.8,9.8),(60,3,842,1,1,8,8,8),(60,3,504,1,1,9.4,9.4,9.4),(60,3,1057,2,1,9,9,9),(60,3,949,1,1,8.4,8.4,8.4),(60,3,735,5,1,9,9,9),(60,3,646,1,1,9.6,9.6,9.6),(60,3,390,1,1,9.6,9.6,9.6),(60,3,1014,3,1,8.8,8.8,8.8),(60,3,1173,3,1,8.2,8.2,8.2),(60,3,1646,3,1,8.5,8.5,8.5),(60,3,457,3,1,8.5,8.5,8.5),(60,3,618,1,1,8.9,8.9,8.9),(60,3,1399,1,1,9,9,9),(60,3,78,2,1,8,8,8),(60,3,1466,1,1,9.5,9.5,9.5),(60,3,963,1,1,9.1,9.1,9.1),(60,3,1536,1,1,9.3,9.3,9.3),(60,3,807,2,1,8.4,8.4,8.4),(60,3,478,1,1,8.5,8.5,8.5),(60,3,567,1,1,9.3,9.3,9.3),(60,3,605,1,1,8.9,8.9,8.9),(60,3,401,2,1,8.9,8.9,8.9),(60,3,189,9,1,8.7,8.7,8.7),(60,3,764,1,1,9.1,9.1,9.1),(60,3,1562,1,1,8.5,8.5,8.5),(60,3,1017,3,1,9.4,9.4,9.4),(60,3,1354,2,1,9.5,9.5,9.5),(60,3,528,1,1,9.4,9.4,9.4),(60,3,1669,5,1,8.5,8.5,8.5),(60,3,1130,1,1,8.9,8.9,8.9),(60,3,1476,1,1,9.5,9.5,9.5),(60,3,27,1,1,8.4,8.4,8.4),(60,3,1385,2,1,9.6,9.6,9.6),(60,3,1101,1,1,9.5,9.5,9.5),(60,3,52,3,1,8.9,8.9,8.9),(60,3,290,2,1,9.5,9.5,9.5),(60,3,848,1,1,9.3,9.3,9.3),(60,3,1521,1,1,8.6,8.6,8.6),(60,3,1672,2,1,9.3,9.3,9.3),(60,3,1539,1,1,9.5,9.5,9.5),(60,3,174,1,1,8,8,8),(60,3,480,1,1,8.4,8.4,8.4),(60,3,526,1,1,9.5,9.5,9.5),(60,3,1345,2,1,9.5,9.5,9.5),(60,3,565,1,1,9.5,9.5,9.5),(60,3,1262,2,1,9.5,9.5,9.5),(60,3,1127,1,1,9.3,9.3,9.3),(60,3,261,4,1,8.4,8.4,8.4),(60,3,516,1,1,9.4,9.4,9.4),(60,3,150,4,1,8.4,8.4,8.4),(60,3,320,1,1,9.3,9.3,9.3),(60,3,1348,2,1,9,9,9),(60,3,992,2,1,9.4,9.4,9.4),(60,3,760,3,1,9.3,9.3,9.3),(60,3,1636,2,1,9.6,9.6,9.6),(60,3,1636,3,1,8,8,8),(60,3,85,1,1,9.4,9.4,9.4),(60,3,260,1,1,9.5,9.5,9.5),(60,3,1010,1,1,9.3,9.3,9.3),(60,3,472,2,1,9.6,9.6,9.6),(60,3,32,0,1,8.5,8.5,8.5),(60,3,1002,0,1,8.5,8.5,8.5),(60,3,282,1,1,9.5,9.5,9.5),(60,3,1343,1,1,9.5,9.5,9.5),(60,3,1566,1,1,9.1,9.1,9.1),(60,3,564,0,1,9.6,9.6,9.6),(60,3,627,1,1,9.6,9.6,9.6),(60,3,634,1,1,9.5,9.5,9.5),(60,3,1109,3,1,9.3,9.3,9.3),(60,3,1561,1,1,9.3,9.3,9.3),(60,3,570,1,1,9.3,9.3,9.3),(60,3,953,1,1,9.6,9.6,9.6),(60,3,1327,1,1,9.6,9.6,9.6),(60,3,1035,1,1,9.6,9.6,9.6),(60,3,598,1,1,9.6,9.6,9.6),(60,3,120,0,1,9.1,9.1,9.1),(60,3,120,2,1,9.5,9.5,9.5),(60,3,986,1,1,9.2,9.2,9.2),(60,3,666,1,1,9.2,9.2,9.2),(60,3,473,1,1,9,9,9),(60,3,160,1,1,9.4,9.4,9.4),(60,3,1479,1,1,9.7,9.7,9.7),(60,3,99,1,1,8.9,8.9,8.9),(60,3,1569,2,1,9.2,9.2,9.2),(60,3,1015,3,1,8.3,8.3,8.3),(60,3,1404,2,1,9.2,9.2,9.2),(60,3,1106,1,1,9.3,9.3,9.3),(60,3,38,1,1,9.5,9.5,9.5),(60,3,1383,2,1,9.3,9.3,9.3),(60,3,1240,3,1,9.1,9.1,9.1),(60,3,875,1,1,9.3,9.3,9.3),(60,3,222,1,1,9.3,9.3,9.3),(60,3,1201,1,1,9.1,9.1,9.1),(60,3,303,3,1,8.4,8.4,8.4),(60,3,786,3,1,9.2,9.2,9.2),(60,3,126,1,1,9.3,9.3,9.3),(60,3,1405,2,1,9.6,9.6,9.6),(60,3,1289,1,1,9.1,9.1,9.1),(60,3,1480,3,1,8.4,8.4,8.4),(60,3,680,2,1,9.5,9.5,9.5),(60,3,1575,2,1,9.5,9.5,9.5),(60,3,90,2,1,8.7,8.7,8.7),(60,3,1268,2,1,9.7,9.7,9.7),(60,3,503,1,1,9.2,9.2,9.2),(60,3,109,2,1,9.7,9.7,9.7),(60,3,1177,2,1,9.1,9.1,9.1),(60,3,1068,1,1,9.6,9.6,9.6),(60,3,435,1,1,9.5,9.5,9.5),(60,3,10,3,1,9.6,9.6,9.6),(60,3,1563,1,1,9.5,9.5,9.5),(60,3,1563,3,1,9.7,9.7,9.7),(60,3,334,1,1,9.2,9.2,9.2),(60,3,1506,1,1,9.2,9.2,9.2),(60,3,1595,1,1,9.6,9.6,9.6),(60,3,1145,1,1,9.1,9.1,9.1),(60,3,331,1,1,9.7,9.7,9.7),(60,3,772,1,1,9.7,9.7,9.7),(60,3,1482,1,1,9.7,9.7,9.7),(60,3,1427,0,1,9.1,9.1,9.1),(60,3,1005,1,1,9.7,9.7,9.7),(60,3,817,1,1,9.7,9.7,9.7),(60,3,1265,1,1,9,9,9),(60,3,1071,1,1,9.3,9.3,9.3),(60,3,905,1,1,9,9,9),(60,3,81,1,1,9.3,9.3,9.3),(60,3,1088,1,1,9,9,9),(60,3,797,1,1,8.5,8.5,8.5),(60,3,833,1,1,9.2,9.2,9.2),(60,3,673,1,1,8.7,8.7,8.7),(60,3,111,1,1,8.6,8.6,8.6),(60,3,1043,2,1,9.2,9.2,9.2),(60,3,1137,1,1,9.7,9.7,9.7),(60,3,1223,3,1,8.8,8.8,8.8),(60,3,765,1,1,9.2,9.2,9.2),(60,3,698,1,1,9.4,9.4,9.4),(60,3,1270,1,1,9.1,9.1,9.1),(60,3,1270,3,1,9,9,9),(60,3,1660,1,1,9.2,9.2,9.2),(60,3,1498,1,1,8.7,8.7,8.7),(60,3,1168,2,1,9,9,9),(60,3,1132,0,1,8.5,8.5,8.5),(60,3,23,3,1,9.4,9.4,9.4),(60,3,234,1,1,9.5,9.5,9.5),(60,3,1255,4,1,9.5,9.5,9.5),(60,3,1393,2,1,9.2,9.2,9.2),(60,3,358,1,1,9,9,9),(60,3,601,1,1,9,9,9),(60,3,596,1,1,9.2,9.2,9.2),(60,3,706,1,1,9.5,9.5,9.5),(60,3,1473,1,1,9.5,9.5,9.5),(60,3,705,1,1,9,9,9),(60,3,1412,1,1,9.5,9.5,9.5),(60,3,577,1,1,8.9,8.9,8.9),(60,3,703,1,1,9,9,9),(60,3,1656,1,1,9,9,9),(60,3,1323,6,1,9.3,9.3,9.3),(60,3,202,1,1,9,9,9),(60,3,297,2,1,9.3,9.3,9.3),(60,3,919,1,1,9.3,9.3,9.3),(60,3,1571,1,1,9,9,9),(60,3,278,1,1,9.1,9.1,9.1),(60,3,1341,1,1,9.1,9.1,9.1),(60,3,1023,2,1,8.8,8.8,8.8),(60,3,928,1,1,8.7,8.7,8.7),(60,3,840,2,1,9.2,9.2,9.2),(60,3,413,3,1,8.8,8.8,8.8),(60,3,1444,2,1,8.5,8.5,8.5),(60,3,863,2,1,8.5,8.5,8.5),(60,3,585,1,1,9.5,9.5,9.5),(60,3,737,0,1,9.5,9.5,9.5),(60,3,825,1,1,9.9,9.9,9.9),(60,3,1266,1,1,9.5,9.5,9.5),(60,3,1179,1,1,8.3,8.3,8.3),(60,3,1,1,1,9.3,9.3,9.3),(60,3,1301,4,1,9.2,9.2,9.2),(60,3,263,1,1,8.6,8.6,8.6),(60,3,514,14,1,9.4,9.4,9.4),(60,3,753,10,1,10,10,10),(60,3,1490,1,1,9.3,9.3,9.3),(60,3,691,1,1,9.6,9.6,9.6),(60,3,218,1,1,8.4,8.4,8.4),(60,3,683,1,1,8.9,8.9,8.9),(60,3,588,3,1,8.5,8.5,8.5),(60,3,515,2,1,8.6,8.6,8.6),(60,3,1501,1,1,9.5,9.5,9.5),(60,3,84,1,1,9.3,9.3,9.3),(60,3,333,2,1,9.6,9.6,9.6),(65,3,309,1,1,9.2,9.2,9.2),(65,3,430,3,1,9.2,9.2,9.2),(65,3,394,2,1,9.2,9.2,9.2),(65,3,1427,1,1,9.2,9.2,9.2),(157,3,968,1,1,9.6,9.6,9.6),(157,3,602,2,1,9.6,9.6,9.6),(157,3,759,1,1,9.6,9.6,9.6),(97,3,295,3,1,9,9,9),(97,3,682,1,1,9.3,9.3,9.3),(97,3,890,1,1,9.3,9.3,9.3),(97,3,561,1,1,9,9,9),(97,3,1259,3,1,9,9,9),(97,3,692,2,1,9.1,9.1,9.1),(97,3,612,2,1,9.1,9.1,9.1),(97,3,309,1,1,9.3,9.3,9.3),(97,3,485,1,1,8.2,8.2,8.2),(97,3,71,1,1,9.3,9.3,9.3),(97,3,206,2,1,9.2,9.2,9.2),(97,3,456,1,1,9,9,9),(97,3,727,2,1,9.2,9.2,9.2),(97,3,997,1,1,9.3,9.3,9.3),(97,3,720,2,1,9,9,9),(97,3,730,1,1,9,9,9),(97,3,1421,2,1,8.2,8.2,8.2),(97,3,566,1,1,9.3,9.3,9.3),(97,3,5,2,1,9.2,9.2,9.2),(97,3,56,1,1,9.3,9.3,9.3),(97,3,357,1,1,9.3,9.3,9.3),(97,3,310,1,1,9.3,9.3,9.3),(97,3,812,1,1,9.3,9.3,9.3),(97,3,204,0,1,9,9,9),(97,3,394,1,1,9.1,9.1,9.1),(97,3,394,2,1,8.2,8.2,8.2),(97,3,1383,3,1,9,9,9),(97,3,649,1,1,8.2,8.2,8.2),(97,3,13,4,1,8.2,8.2,8.2),(97,3,1504,2,1,8.2,8.2,8.2),(97,3,1380,1,1,9.5,9.5,9.5),(97,3,938,1,1,9.5,9.5,9.5),(97,3,1204,2,1,9,9,9),(97,3,459,2,1,9.3,9.3,9.3),(97,3,1338,2,1,8.2,8.2,8.2),(97,3,603,1,1,9.3,9.3,9.3),(97,3,1387,1,1,9,9,9),(97,3,1642,2,1,9.3,9.3,9.3),(97,3,1238,1,1,9.3,9.3,9.3),(29,3,1494,1,1,9.6,9.6,9.6),(29,3,229,1,1,9.6,9.6,9.6),(29,3,1463,1,1,9.6,9.6,9.6),(29,3,607,1,1,9.3,9.3,9.3),(29,3,1462,2,1,9.2,9.2,9.2),(29,3,692,2,1,9.3,9.3,9.3),(29,3,693,1,1,9.2,9.2,9.2),(29,3,309,1,1,8.7,8.7,8.7),(29,3,1503,1,1,9.4,9.4,9.4),(29,3,1034,1,1,9.3,9.3,9.3),(29,3,1114,2,1,9.1,9.1,9.1),(29,3,676,1,1,9.4,9.4,9.4),(29,3,1131,1,1,9.2,9.2,9.2),(29,3,973,1,1,9.3,9.3,9.3),(29,3,973,4,1,9.3,9.3,9.3),(29,3,511,3,1,9.7,9.7,9.7),(29,3,430,3,1,9.3,9.3,9.3),(29,3,143,1,1,9.6,9.6,9.6),(29,3,1129,1,1,9.2,9.2,9.2),(29,3,552,1,1,9.4,9.4,9.4),(29,3,1450,1,1,9.4,9.4,9.4),(29,3,576,1,1,9.4,9.4,9.4),(29,3,1202,1,1,9.4,9.4,9.4),(29,3,1080,1,1,9.4,9.4,9.4),(29,3,53,1,1,9.2,9.2,9.2),(29,3,509,1,1,9.6,9.6,9.6),(29,3,393,1,1,9.2,9.2,9.2),(29,3,1614,9,1,9.3,9.3,9.3),(29,3,1614,10,1,9.3,9.3,9.3),(29,3,1614,16,1,9.1,9.1,9.1),(29,3,120,1,1,9.3,9.3,9.3),(29,3,799,1,1,9.3,9.3,9.3),(29,3,394,2,1,9.2,9.2,9.2),(29,3,394,3,1,9.3,9.3,9.3),(29,3,238,2,1,9.3,9.3,9.3),(29,3,1177,1,1,9.7,9.7,9.7),(29,3,1270,1,1,9.7,9.7,9.7),(29,3,23,2,1,9.3,9.3,9.3),(29,3,1477,2,1,9.3,9.3,9.3),(29,3,1021,2,1,9.7,9.7,9.7),(149,3,1569,2,1,8.8,8.8,8.8),(149,3,23,3,1,8.8,8.8,8.8),(40,3,789,1,1,9.2,9.2,9.2),(40,3,216,1,1,9.2,9.2,9.2),(40,3,1674,1,1,9.1,9.1,9.1),(40,3,768,2,1,9.2,9.2,9.2),(40,3,796,1,1,9.1,9.1,9.1),(40,3,692,3,1,9.1,9.1,9.1),(40,3,309,1,1,9.1,9.1,9.1),(40,3,1062,1,1,9.2,9.2,9.2),(40,3,1525,1,1,9.2,9.2,9.2),(40,3,294,1,1,9.1,9.1,9.1),(40,3,720,2,1,9.1,9.1,9.1),(40,3,1046,1,1,9.1,9.1,9.1),(40,3,1556,1,1,9.2,9.2,9.2),(40,3,1544,1,1,9.2,9.2,9.2),(40,3,882,3,1,9.1,9.1,9.1),(40,3,813,1,1,9.2,9.2,9.2),(40,3,560,0,1,9.1,9.1,9.1),(40,3,1380,1,1,9.1,9.1,9.1),(40,3,479,1,1,9.2,9.2,9.2),(40,3,928,2,1,9.1,9.1,9.1),(148,3,482,1,1,9,9,9),(148,3,249,1,1,9,9,9),(148,3,873,1,1,9,9,9),(148,3,104,2,1,9,9,9),(148,3,583,3,1,9,9,9),(148,3,1585,2,1,9,9,9),(148,3,619,2,1,9,9,9),(148,3,1568,1,1,9,9,9),(45,3,549,1,1,9.4,9.4,9.4),(45,3,430,3,1,9.4,9.4,9.4),(45,3,720,2,1,9.4,9.4,9.4),(45,3,1427,1,1,9.4,9.4,9.4),(159,3,25,1,1,9.3,9.3,9.3),(159,3,776,1,1,9.4,9.4,9.4),(159,3,186,1,1,9.4,9.4,9.4),(159,3,555,1,1,9.1,9.1,9.1),(159,3,1503,1,1,9.3,9.3,9.3),(159,3,1049,1,1,9.3,9.3,9.3),(159,3,716,3,1,9.1,9.1,9.1),(159,3,652,3,1,9.4,9.4,9.4),(159,3,511,2,1,9.1,9.1,9.1),(159,3,500,1,1,9.1,9.1,9.1),(159,3,500,2,1,9.1,9.1,9.1),(159,3,120,1,1,9.1,9.1,9.1),(159,3,291,1,1,9.4,9.4,9.4),(159,3,394,3,1,9.1,9.1,9.1),(159,3,1043,1,1,9.4,9.4,9.4),(159,3,928,2,1,9.3,9.3,9.3),(159,3,1639,2,1,9.3,9.3,9.3),(18,3,3,1,1,8.8,8.8,8.8),(18,3,464,3,1,8.9,8.9,8.9),(18,3,287,4,1,8.5,8.5,8.5),(18,3,403,3,1,8.8,8.8,8.8),(18,3,155,2,1,8.9,8.9,8.9),(18,3,178,2,1,9,9,9),(18,3,561,1,1,9,9,9),(18,3,561,2,1,8.4,8.4,8.4),(18,3,414,1,1,8.9,8.9,8.9),(18,3,713,1,1,8.9,8.9,8.9),(18,3,508,2,1,8.8,8.8,8.8),(18,3,476,1,1,9.3,9.3,9.3),(18,3,1178,1,1,8.5,8.5,8.5),(18,3,796,1,1,8.8,8.8,8.8),(18,3,438,1,1,8.4,8.4,8.4),(18,3,1288,1,1,9,9,9),(18,3,1620,1,1,8.5,8.5,8.5),(18,3,612,2,1,8.4,8.4,8.4),(18,3,164,1,1,8.8,8.8,8.8),(18,3,1486,1,1,8.8,8.8,8.8),(18,3,982,1,1,8.9,8.9,8.9),(18,3,956,1,1,8.9,8.9,8.9),(18,3,1478,2,1,8.9,8.9,8.9),(18,3,1131,2,1,8.6,8.6,8.6),(18,3,1322,1,1,9,9,9),(18,3,173,1,1,8.8,8.8,8.8),(18,3,631,3,1,9.3,9.3,9.3),(18,3,973,2,1,8.9,8.9,8.9),(18,3,606,3,1,9.6,9.6,9.6),(18,3,1599,2,1,8.6,8.6,8.6),(18,3,271,2,1,8.6,8.6,8.6),(18,3,57,1,1,8.4,8.4,8.4),(18,3,952,3,1,8.4,8.4,8.4),(18,3,837,1,1,8.4,8.4,8.4),(18,3,984,3,1,8.5,8.5,8.5),(18,3,1261,1,1,8.8,8.8,8.8),(18,3,502,1,1,8.5,8.5,8.5),(18,3,1030,1,1,9,9,9),(18,3,406,1,1,9,9,9),(18,3,621,2,1,8.9,8.9,8.9),(18,3,1079,1,1,10,10,10),(18,3,661,1,1,8.4,8.4,8.4),(18,3,1063,1,1,8.5,8.5,8.5),(18,3,744,4,1,8.5,8.5,8.5),(18,3,279,1,1,10,10,10),(18,3,1019,3,1,8.4,8.4,8.4),(18,3,1113,2,1,8.6,8.6,8.6),(18,3,1551,2,1,8.6,8.6,8.6),(18,3,1567,1,1,8.7,8.7,8.7),(18,3,1468,1,1,8.9,8.9,8.9),(18,3,1553,3,1,8.9,8.9,8.9),(18,3,253,3,1,9.6,9.6,9.6),(18,3,1625,2,1,8.9,8.9,8.9),(18,3,1577,1,1,8.8,8.8,8.8),(18,3,116,1,1,8.5,8.5,8.5),(18,3,617,2,1,8.6,8.6,8.6),(18,3,697,1,1,8.9,8.9,8.9),(18,3,1212,1,1,8.9,8.9,8.9),(18,3,882,3,1,8.7,8.7,8.7),(18,3,1325,1,1,8.8,8.8,8.8),(18,3,1631,3,1,8.4,8.4,8.4),(18,3,1122,1,1,10,10,10),(18,3,1669,1,1,8.9,8.9,8.9),(18,3,80,1,1,10,10,10),(18,3,62,1,1,10,10,10),(18,3,1054,3,1,8.6,8.6,8.6),(18,3,569,1,1,8.4,8.4,8.4),(18,3,872,1,1,10,10,10),(18,3,1061,1,1,8.8,8.8,8.8),(18,3,1414,2,1,8.8,8.8,8.8),(18,3,560,0,1,8.9,8.9,8.9),(18,3,799,1,1,9.3,9.3,9.3),(18,3,1559,0,1,8.1,8.1,8.1),(18,3,1569,3,1,8.1,8.1,8.1),(18,3,1015,2,1,9,9,9),(18,3,712,2,1,8.4,8.4,8.4),(18,3,394,3,1,9,9,9),(18,3,34,2,1,8.8,8.8,8.8),(18,3,518,2,1,8.8,8.8,8.8),(18,3,1177,1,1,8.5,8.5,8.5),(18,3,1177,2,1,8.6,8.6,8.6),(18,3,10,1,1,10,10,10),(18,3,419,1,1,8.5,8.5,8.5),(18,3,1380,1,1,9.3,9.3,9.3),(18,3,156,0,1,9,9,9),(18,3,23,3,1,8.1,8.1,8.1),(18,3,1393,1,1,8.9,8.9,8.9),(18,3,1277,2,1,8.8,8.8,8.8),(18,3,383,2,1,8.8,8.8,8.8),(18,3,1390,2,1,8.5,8.5,8.5),(18,3,994,1,1,8.9,8.9,8.9),(18,3,1007,2,1,8.9,8.9,8.9),(18,3,1300,2,1,8.5,8.5,8.5),(18,3,999,1,1,8.8,8.8,8.8),(18,3,527,1,1,8.9,8.9,8.9),(18,3,1509,3,1,8.8,8.8,8.8),(18,3,924,4,1,8.4,8.4,8.4),(18,3,551,1,1,10,10,10),(115,3,561,1,1,9.1,9.1,9.1),(115,3,1046,1,1,9.1,9.1,9.1),(115,3,120,1,1,9.1,9.1,9.1),(115,3,1427,1,1,9.1,9.1,9.1),(76,3,9,2,1,8.7,8.7,8.7),(76,3,561,1,1,8.7,8.7,8.7),(76,3,309,1,1,8.7,8.7,8.7),(76,3,879,3,1,8.7,8.7,8.7),(76,3,1427,1,1,8.7,8.7,8.7),(76,3,737,1,1,8.7,8.7,8.7),(61,3,607,1,1,9.6,9.6,9.6),(61,3,767,5,1,8.8,8.8,8.8),(61,3,1427,1,1,9.6,9.6,9.6),(61,3,23,1,1,9.6,9.6,9.6),(52,3,752,2,1,9.1,9.1,9.1),(52,3,1125,4,1,9.1,9.1,9.1),(52,3,762,1,1,9.1,9.1,9.1),(52,3,430,3,1,9.1,9.1,9.1),(105,3,816,1,1,8.3,8.3,8.3),(105,3,882,3,1,9.1,9.1,9.1),(105,3,394,3,1,8.3,8.3,8.3),(105,3,413,2,1,9.1,9.1,9.1),(105,3,737,1,1,8.3,8.3,8.3),(57,3,1093,1,1,9.4,9.4,9.4),(57,3,612,2,1,9.4,9.4,9.4),(57,3,311,1,1,9.4,9.4,9.4),(57,3,967,3,1,9.4,9.4,9.4),(57,3,1427,1,1,9.4,9.4,9.4),(57,3,938,2,1,9.4,9.4,9.4),(57,3,1393,1,1,9.4,9.4,9.4),(88,3,1634,1,1,8.9,8.9,8.9),(88,3,470,1,1,8.9,8.9,8.9),(88,3,707,2,1,8.9,8.9,8.9),(88,3,1117,3,1,8.9,8.9,8.9),(88,3,1036,2,1,8.9,8.9,8.9),(88,3,1460,1,1,8.9,8.9,8.9),(88,3,1347,2,1,8.9,8.9,8.9),(16,3,1574,3,1,8.6,8.6,8.6),(16,3,25,1,1,9.7,9.7,9.7),(16,3,561,1,1,8.5,8.5,8.5),(16,3,561,2,1,9,9,9),(16,3,404,2,1,8.6,8.6,8.6),(16,3,796,1,1,9.3,9.3,9.3),(16,3,1425,5,1,9.7,9.7,9.7),(16,3,1125,3,1,9,9,9),(16,3,832,3,1,9.7,9.7,9.7),(16,3,692,3,1,8.5,8.5,8.5),(16,3,612,2,1,9.7,9.7,9.7),(16,3,1160,1,1,9.3,9.3,9.3),(16,3,1161,1,1,8.6,8.6,8.6),(16,3,762,1,1,9.3,9.3,9.3),(16,3,221,3,1,8.6,8.6,8.6),(16,3,430,1,1,9.3,9.3,9.3),(16,3,720,3,1,8.5,8.5,8.5),(16,3,361,3,1,8.6,8.6,8.6),(16,3,326,1,1,9.3,9.3,9.3),(16,3,1015,2,1,9.7,9.7,9.7),(16,3,394,3,1,9,9,9),(16,3,1427,1,1,8.5,8.5,8.5),(16,3,1427,2,1,9,9,9),(16,3,595,5,1,8.6,8.6,8.6),(16,3,737,1,1,9,9,9),(146,3,163,2,1,9.6,9.6,9.6),(146,3,422,2,1,9.6,9.6,9.6),(146,3,574,1,1,9.6,9.6,9.6),(146,3,63,1,1,9.6,9.6,9.6),(146,3,1180,1,1,9.6,9.6,9.6),(146,3,6,1,1,9.6,9.6,9.6),(146,3,423,3,1,9.6,9.6,9.6),(146,3,324,1,1,9.6,9.6,9.6),(146,3,1379,1,1,9.6,9.6,9.6),(146,3,461,1,1,9.6,9.6,9.6),(146,3,987,1,1,9.6,9.6,9.6),(123,3,1303,1,1,8,8,8),(123,3,226,0,1,8,8,8),(123,3,1319,2,1,8,8,8),(123,3,578,1,1,8,8,8),(123,3,1157,3,1,8,8,8),(123,3,161,2,1,8,8,8),(123,3,980,0,1,8,8,8),(123,3,877,1,1,8,8,8),(123,3,857,2,1,8,8,8),(123,3,411,2,1,8,8,8),(123,3,1162,1,1,8,8,8),(123,3,1455,1,1,8,8,8),(69,3,762,1,1,9.4,9.4,9.4),(69,3,631,1,1,9.4,9.4,9.4),(69,3,394,1,1,9.4,9.4,9.4),(4,3,561,1,1,9.7,9.7,9.7),(4,3,438,2,1,8.6,8.6,8.6),(4,3,692,2,1,9.5,9.5,9.5),(4,3,612,2,1,9.5,9.5,9.5),(4,3,965,1,1,9.5,9.5,9.5),(4,3,816,1,1,9.2,9.2,9.2),(4,3,762,1,1,9.7,9.7,9.7),(4,3,762,3,1,9.6,9.6,9.6),(4,3,631,4,1,9.2,9.2,9.2),(4,3,97,4,1,8.6,8.6,8.6),(4,3,973,5,1,9.1,9.1,9.1),(4,3,1626,4,1,9.1,9.1,9.1),(4,3,120,1,1,9.2,9.2,9.2),(4,3,1150,3,1,9.6,9.6,9.6),(14,3,740,1,1,9.7,9.7,9.7),(14,3,1350,1,1,9.7,9.7,9.7),(14,3,1226,1,1,9.7,9.7,9.7),(14,3,1598,1,1,9.7,9.7,9.7),(95,3,347,1,1,9.3,9.3,9.3),(95,3,1055,2,1,9.3,9.3,9.3),(95,3,1659,2,1,9.3,9.3,9.3),(95,3,309,0,1,9.5,9.5,9.5),(95,3,309,1,1,8.9,8.9,8.9),(95,3,1360,1,1,9.3,9.3,9.3),(95,3,1401,1,1,9.3,9.3,9.3),(95,3,40,2,1,9.3,9.3,9.3),(95,3,781,2,1,9.3,9.3,9.3),(95,3,1398,1,1,8.9,8.9,8.9),(95,3,1194,2,1,9.3,9.3,9.3),(95,3,204,0,1,8.9,8.9,8.9),(95,3,712,1,1,8.9,8.9,8.9),(95,3,171,2,1,9.3,9.3,9.3),(95,3,437,3,1,9.3,9.3,9.3),(95,3,370,1,1,9.5,9.5,9.5),(95,3,1427,1,1,9.5,9.5,9.5),(19,3,951,1,1,9.6,9.6,9.6),(139,3,483,1,1,8.7,8.7,8.7),(139,3,142,1,1,8.7,8.7,8.7),(139,3,692,3,1,9.1,9.1,9.1),(139,3,1478,1,1,8.8,8.8,8.8),(139,3,1134,1,1,8.8,8.8,8.8),(139,3,720,2,1,9.1,9.1,9.1),(139,3,22,1,1,8.7,8.7,8.7),(139,3,842,3,1,8.6,8.6,8.6),(139,3,1173,3,1,8.8,8.8,8.8),(139,3,120,2,1,8.6,8.6,8.6),(139,3,90,1,1,8.6,8.6,8.6),(139,3,1177,1,1,8.6,8.6,8.6),(132,3,1164,1,1,8.7,8.7,8.7),(132,3,396,1,1,8.7,8.7,8.7),(132,3,1291,1,1,8.7,8.7,8.7),(132,3,2,1,1,8.7,8.7,8.7),(132,3,600,1,1,8.7,8.7,8.7),(132,3,633,1,1,8.7,8.7,8.7),(132,3,227,1,1,8.7,8.7,8.7),(132,3,404,1,1,8.9,8.9,8.9),(132,3,1188,1,1,9,9,9),(132,3,796,1,1,8.9,8.9,8.9),(132,3,1443,9,1,9,9,9),(132,3,1034,1,1,8.4,8.4,8.4),(132,3,631,5,1,9,9,9),(132,3,847,2,1,8.4,8.4,8.4),(132,3,425,2,1,8.4,8.4,8.4),(132,3,636,1,1,9,9,9),(132,3,1253,2,1,8.4,8.4,8.4),(132,3,908,3,1,9,9,9),(132,3,361,3,1,9,9,9),(132,3,67,2,1,8.4,8.4,8.4),(132,3,205,0,1,9,9,9),(132,3,1379,1,1,8.9,8.9,8.9),(132,3,858,1,1,9,9,9),(132,3,766,2,1,9,9,9),(132,3,427,3,1,9,9,9),(132,3,851,1,1,9,9,9),(24,3,1522,1,1,9.1,9.1,9.1),(24,3,1111,1,1,9.1,9.1,9.1),(24,3,1583,1,1,8.2,8.2,8.2),(24,3,340,1,1,9.1,9.1,9.1),(24,3,1621,1,1,9.1,9.1,9.1),(24,3,1349,1,1,9.1,9.1,9.1),(24,3,692,1,1,9.1,9.1,9.1),(24,3,1331,1,1,9.1,9.1,9.1),(24,3,990,1,1,9.1,9.1,9.1),(24,3,631,3,1,9.1,9.1,9.1),(24,3,400,5,1,9.1,9.1,9.1),(24,3,441,1,1,9.1,9.1,9.1),(24,3,377,1,1,9.1,9.1,9.1),(24,3,879,2,1,9.1,9.1,9.1),(24,3,701,1,1,9.1,9.1,9.1),(24,3,120,1,1,9.1,9.1,9.1),(24,3,394,2,1,8.2,8.2,8.2),(24,3,1427,1,1,8.2,8.2,8.2),(24,3,1530,1,1,9.1,9.1,9.1),(24,3,1124,1,1,9.1,9.1,9.1),(133,3,1535,2,1,8.5,8.5,8.5),(133,3,1189,0,1,8.5,8.5,8.5),(133,3,861,2,1,8.5,8.5,8.5),(0,15,550,6,1,9.5,9.5,9.5),(25,15,400,5,1,9.5,9.5,9.5),(118,15,400,3,1,9.3,9.3,9.3),(60,5,466,9,1,9.6,9.6,9.6),(60,5,1377,5,1,8.9,8.9,8.9),(60,5,514,9,1,9.3,9.3,9.3),(106,5,753,6,1,9.4,9.4,9.4),(60,4,438,1,1,8.7,8.7,8.7),(60,4,692,2,1,8.7,8.7,8.7),(60,4,49,3,1,9.2,9.2,9.2),(60,4,215,1,1,9.3,9.3,9.3),(60,4,1652,1,1,9.3,9.3,9.3),(60,4,521,1,1,9.3,9.3,9.3),(60,4,556,1,1,9.3,9.3,9.3),(60,4,1580,1,1,9.3,9.3,9.3),(60,4,1329,10,1,8.4,8.4,8.4),(60,4,51,3,1,9.2,9.2,9.2),(60,4,1377,7,1,8.4,8.4,8.4),(60,4,514,3,1,9.3,9.3,9.3),(60,4,538,6,1,8.4,8.4,8.4),(60,4,753,9,1,9.3,9.3,9.3);
/*!40000 ALTER TABLE `fact_offers` ENABLE KEYS */;
UNLOCK TABLES;
/*!40103 SET TIME_ZONE=@OLD_TIME_ZONE */;

/*!40101 SET SQL_MODE=@OLD_SQL_MODE */;
/*!40014 SET FOREIGN_KEY_CHECKS=@OLD_FOREIGN_KEY_CHECKS */;
/*!40014 SET UNIQUE_CHECKS=@OLD_UNIQUE_CHECKS */;
/*!40101 SET CHARACTER_SET_CLIENT=@OLD_CHARACTER_SET_CLIENT */;
/*!40101 SET CHARACTER_SET_RESULTS=@OLD_CHARACTER_SET_RESULTS */;
/*!40101 SET COLLATION_CONNECTION=@OLD_COLLATION_CONNECTION */;
/*!40111 SET SQL_NOTES=@OLD_SQL_NOTES */;

-- Dump completed on 2022-04-11 15:11:46
